sensor_id,tipo_elem,osm_node,snap_dist_m,lat_sensor,lon_sensor,lat_nodo,lon_nodo,calidad
3402,URB,102322211,27.1,40.473611,-3.67832,40.47385,-3.678254,bueno
3408,URB,5924972879,50.5,40.476209,-3.711622,40.476653,-3.711751,aceptable
3413,URB,8398453282,17.7,40.450343,-3.709477,40.450192,-3.70941,bueno
3421,URB,1738553402,37.5,40.465693,-3.690586,40.465581,-3.690167,bueno
3423,URB,565714261,19.1,40.462964,-3.690014,40.463035,-3.689808,bueno
3424,URB,26412872,7.5,40.455006,-3.702764,40.455055,-3.702702,bueno
3425,URB,26412886,3.7,40.453512,-3.703028,40.453509,-3.702984,bueno
3426,URB,26412911,13.7,40.452739,-3.703147,40.452854,-3.703087,bueno
3427,URB,339391878,23.3,40.451665,-3.703311,40.451867,-3.703238,bueno
3430,URB,100964048,36.3,40.46434,-3.664877,40.464261,-3.665294,bueno
3440,URB,100996354,55.1,40.452003,-3.718326,40.452242,-3.717756,aceptable
3449,URB,414253841,28.1,40.466731,-3.690936,40.466973,-3.691031,bueno
3452,URB,1506821327,44.7,40.457521,-3.676992,40.45712,-3.677015,bueno
3453,URB,26412622,27.9,40.465424,-3.691988,40.465443,-3.69166,bueno
3454,URB,81572825,58.2,40.453403,-3.70164,40.453336,-3.700958,aceptable
3456,URB,98725372,13.4,40.451885,-3.703965,40.451872,-3.704122,bueno
3457,URB,25922709,103.0,40.493938,-3.668125,40.494495,-3.667152,aceptable
3458,URB,259615488,86.8,40.496928,-3.667503,40.496363,-3.666795,aceptable
3459,URB,615649179,17.8,40.495543,-3.668321,40.495397,-3.668408,bueno
3460,URB,119815327,38.1,40.453037,-3.667362,40.453365,-3.667235,bueno
3461,URB,102186292,23.5,40.452392,-3.668427,40.45244,-3.668698,bueno
3472,URB,51422001,36.4,40.461289,-3.718826,40.461597,-3.718969,bueno
3473,URB,151400413,6.9,40.462578,-3.718582,40.462581,-3.718501,bueno
3485,URB,26204368,92.7,40.47995,-3.701649,40.479733,-3.702707,aceptable
3486,URB,102505403,8.2,40.46588,-3.671617,40.465816,-3.671571,bueno
3494,M30,25920353,127.5,40.482875,-3.702472,40.482071,-3.703548,aceptable
3510,M30,25920353,36.3,40.482395,-3.703498,40.482071,-3.703548,bueno
3514,URB,101050255,76.8,40.451274,-3.717135,40.451945,-3.716925,aceptable
3518,URB,102224464,55.4,40.464319,-3.679075,40.464398,-3.679721,aceptable
3519,URB,283576938,23.3,40.486864,-3.65031,40.48677,-3.650064,bueno
3520,URB,298967669,23.1,40.486157,-3.652065,40.485991,-3.652231,bueno
3521,M30,12364718088,99.3,40.492293,-3.670773,40.493055,-3.67016,aceptable
3524,URB,93862638,35.8,40.456639,-3.707182,40.456657,-3.707604,bueno
3560,M30,339984071,13.3,40.479178,-3.715946,40.479114,-3.715813,bueno
3580,URB,98965346,85.3,40.458448,-3.673319,40.458444,-3.674327,aceptable
3581,URB,2494930275,49.9,40.459024,-3.674303,40.458577,-3.674341,bueno
3588,URB,50042350,59.0,40.469584,-3.712397,40.470097,-3.712217,aceptable
3589,URB,1969144049,83.9,40.469308,-3.712773,40.46895,-3.713646,aceptable
3591,URB,55967027,39.7,40.469833,-3.685796,40.469548,-3.686079,bueno
3592,URB,55967027,33.0,40.469808,-3.68589,40.469548,-3.686079,bueno
3595,URB,2891563648,55.0,40.456064,-3.714172,40.45646,-3.713783,aceptable
3596,URB,25904621,87.9,40.476214,-3.702998,40.476977,-3.703269,aceptable
3598,M30,150878502,38.9,40.472879,-3.728989,40.472563,-3.729187,bueno
3599,M30,13507117239,67.8,40.47523,-3.722513,40.475249,-3.723315,aceptable
3605,URB,119815329,28.2,40.454892,-3.666591,40.454892,-3.666924,bueno
3606,URB,119837172,5.4,40.452506,-3.680919,40.45246,-3.680897,bueno
3638,URB,98732397,23.7,40.453221,-3.7131,40.453047,-3.713262,bueno
3639,URB,93876097,55.6,40.460652,-3.709302,40.460161,-3.709176,aceptable
3642,URB,119806747,9.1,40.457112,-3.675984,40.457074,-3.675889,bueno
3643,URB,339984375,8.3,40.479346,-3.724823,40.479416,-3.724859,bueno
3659,URB,25933302,15.4,40.467754,-3.653422,40.467858,-3.653302,bueno
3663,URB,26412664,6.4,40.462815,-3.697125,40.462847,-3.697062,bueno
3667,URB,81478203,13.5,40.456856,-3.698748,40.45691,-3.698891,bueno
3668,URB,81478198,20.3,40.456473,-3.696698,40.456499,-3.696935,bueno
3677,URB,25904644,28.2,40.479432,-3.703644,40.479366,-3.703966,bueno
3678,URB,150865971,25.5,40.474425,-3.720595,40.474353,-3.720881,bueno
3706,M30,25587629,41.5,40.493856,-3.70004,40.494164,-3.700318,bueno
3708,URB,51422521,24.6,40.458448,-3.715971,40.458656,-3.715871,bueno
3712,URB,2484872378,3.9,40.481234,-3.720747,40.481269,-3.720754,bueno
3713,URB,60336185,18.4,40.483899,-3.714295,40.483734,-3.714282,bueno
3714,URB,240000436,17.8,40.485336,-3.709747,40.485189,-3.70983,bueno
3733,URB,98727994,0.7,40.45113,-3.709473,40.451136,-3.709476,bueno
3734,URB,50045873,1.7,40.460936,-3.708057,40.460923,-3.708068,bueno
3735,URB,581287911,6.9,40.462637,-3.708503,40.462574,-3.708509,bueno
3737,URB,26205041,101.0,40.474834,-3.69751,40.475671,-3.697971,aceptable
3738,URB,60108655,27.8,40.469439,-3.69549,40.469687,-3.695538,bueno
3743,URB,81472408,15.0,40.452522,-3.697475,40.452531,-3.697299,bueno
3744,URB,98971002,31.3,40.458508,-3.672349,40.458505,-3.671979,bueno
3751,URB,353299296,69.9,40.460207,-3.697397,40.459993,-3.696619,aceptable
3767,URB,93862636,25.6,40.456743,-3.704349,40.456787,-3.704052,bueno
3773,URB,119805488,92.8,40.456956,-3.673109,40.456915,-3.672013,aceptable
3777,URB,285913136,18.3,40.467764,-3.6628,40.467705,-3.663002,bueno
3778,URB,26747737,20.3,40.474787,-3.665635,40.474812,-3.665397,bueno
3787,URB,602184962,21.7,40.49113,-3.685885,40.491129,-3.686141,bueno
3790,URB,81466855,26.7,40.457553,-3.694541,40.457788,-3.69448,bueno
3796,URB,255628102,31.7,40.494696,-3.667826,40.494928,-3.668044,bueno
3797,M30,1121592042,37.8,40.4917,-3.671644,40.491565,-3.672055,bueno
3801,M30,339984115,63.8,40.475156,-3.722373,40.475287,-3.72164,aceptable
3821,M30,269973099,74.9,40.481995,-3.673396,40.48183,-3.672537,aceptable
3822,M30,25921963,65.3,40.481897,-3.673532,40.481326,-3.673715,aceptable
3823,M30,25965172,3.3,40.475691,-3.674138,40.475689,-3.674099,bueno
3824,URB,26205029,18.9,40.477246,-3.702026,40.477276,-3.701806,bueno
3825,URB,26235024,124.9,40.472758,-3.705416,40.472014,-3.70431,aceptable
3829,URB,26204784,58.1,40.474986,-3.700112,40.475482,-3.700326,aceptable
3831,URB,26745179,20.6,40.479876,-3.667134,40.480024,-3.66728,bueno
3834,URB,26412682,4.7,40.461276,-3.698059,40.461256,-3.698108,bueno
3909,URB,706690026,80.5,40.451619,-3.680129,40.452258,-3.680577,aceptable
3910,URB,98989160,50.8,40.451666,-3.675704,40.451646,-3.675105,aceptable
3911,URB,297605509,93.6,40.45017,-3.677682,40.450713,-3.676836,aceptable
3912,URB,102186288,17.0,40.452402,-3.666494,40.452366,-3.66669,bueno
3913,URB,616266900,124.5,40.453105,-3.677451,40.45274,-3.678842,aceptable
3914,URB,98989165,68.7,40.451619,-3.676761,40.451657,-3.67757,aceptable
3915,URB,297605509,75.7,40.450887,-3.677701,40.450713,-3.676836,aceptable
3916,URB,98989157,15.4,40.451634,-3.678601,40.451666,-3.678778,bueno
3917,URB,98989157,47.0,40.451697,-3.678225,40.451666,-3.678778,bueno
3918,URB,119815327,31.8,40.453081,-3.667277,40.453365,-3.667235,bueno
3919,URB,102183772,19.2,40.452274,-3.666472,40.452264,-3.666699,bueno
3920,URB,119815323,19.3,40.451397,-3.667536,40.451224,-3.667529,bueno
3921,URB,25925878,39.9,40.453008,-3.66389,40.452828,-3.663482,bueno
3922,URB,810259296,26.3,40.452001,-3.66549,40.451766,-3.665459,bueno
3926,URB,706690026,73.2,40.451712,-3.680094,40.452258,-3.680577,aceptable
3934,URB,98999650,47.2,40.451707,-3.683307,40.451713,-3.68275,bueno
4495,URB,98720048,35.7,40.456595,-3.705456,40.456854,-3.705206,bueno
4496,URB,93862637,18.3,40.456595,-3.706189,40.456607,-3.706405,bueno
4497,URB,93862637,40.5,40.456661,-3.706878,40.456607,-3.706405,bueno
4498,URB,93862643,9.8,40.45702,-3.709506,40.457108,-3.709517,bueno
4500,URB,50044185,14.4,40.458621,-3.7108,40.458661,-3.710638,bueno
4501,URB,4567767289,22.0,40.45723,-3.711738,40.457424,-3.711684,bueno
4502,URB,4567767086,51.9,40.457724,-3.712181,40.457495,-3.711647,aceptable
4503,URB,151402264,42.2,40.458954,-3.712712,40.458584,-3.712823,bueno
4504,URB,51422522,34.1,40.457933,-3.713488,40.457828,-3.71311,bueno
4505,URB,11240395832,41.3,40.457657,-3.712674,40.457793,-3.713128,bueno
4506,URB,439185266,57.9,40.45837,-3.714847,40.458144,-3.714231,aceptable
4507,URB,439185266,21.0,40.458182,-3.714473,40.458144,-3.714231,bueno
4508,URB,51422521,29.7,40.45854,-3.715555,40.458656,-3.715871,bueno
4509,URB,51422521,71.3,40.458927,-3.716635,40.458656,-3.715871,aceptable
4510,URB,51422520,50.3,40.459261,-3.717933,40.459465,-3.718463,aceptable
4511,URB,1977600386,108.8,40.460631,-3.719671,40.459736,-3.719152,aceptable
4512,URB,51420986,10.0,40.463607,-3.720182,40.463526,-3.720131,bueno
4513,URB,51424214,23.1,40.455579,-3.712894,40.455394,-3.71302,bueno
4514,URB,98733030,63.0,40.455975,-3.712508,40.456473,-3.712153,aceptable
4515,URB,51424217,18.8,40.454693,-3.713126,40.454859,-3.713166,bueno
4516,URB,150760768,37.8,40.45417,-3.71473,40.454034,-3.71514,bueno
4517,URB,1140217845,3.2,40.453623,-3.712904,40.453634,-3.71287,bueno
4518,URB,1140217804,15.4,40.453566,-3.712513,40.453693,-3.712585,bueno
4519,URB,2277540861,12.7,40.452814,-3.71193,40.45273,-3.712031,bueno
4520,URB,98732393,9.2,40.452591,-3.712303,40.45252,-3.712246,bueno
4521,URB,8412813542,32.9,40.451416,-3.711129,40.451711,-3.711127,bueno
4522,URB,98732053,20.9,40.452464,-3.710345,40.452397,-3.710114,bueno
4523,URB,98732053,24.7,40.452418,-3.710404,40.452397,-3.710114,bueno
4524,URB,51429269,40.4,40.45405,-3.714169,40.454406,-3.714271,bueno
4525,URB,51429269,40.2,40.454044,-3.714264,40.454406,-3.714271,bueno
4526,URB,98732398,88.4,40.452807,-3.714483,40.453257,-3.713621,aceptable
4527,URB,98732397,15.9,40.452941,-3.713135,40.453047,-3.713262,bueno
4528,URB,98728208,29.3,40.452763,-3.708706,40.452968,-3.708489,bueno
4529,URB,4640732586,5.2,40.462598,-3.70792,40.46258,-3.707977,bueno
4530,URB,344869705,32.4,40.463448,-3.709133,40.463599,-3.709461,bueno
4531,URB,344869681,4.3,40.464717,-3.709668,40.464678,-3.709662,bueno
4532,URB,344869675,4.3,40.465191,-3.71018,40.465194,-3.71013,bueno
4533,URB,50043299,54.7,40.466671,-3.71073,40.466244,-3.710408,aceptable
4534,URB,151402779,19.7,40.466134,-3.711188,40.466259,-3.711352,bueno
4535,URB,50045902,32.4,40.463051,-3.707627,40.463278,-3.707386,bueno
4536,URB,4826704010,31.7,40.462714,-3.706869,40.46299,-3.706961,bueno
4537,URB,2891563648,11.7,40.456527,-3.713675,40.45646,-3.713783,bueno
4538,URB,98722511,10.9,40.454902,-3.712066,40.454973,-3.711978,bueno
4539,URB,98722508,34.3,40.456126,-3.710359,40.456379,-3.710128,bueno
4540,URB,93884463,38.8,40.45695,-3.708958,40.457183,-3.708616,bueno
4543,URB,3321769701,46.7,40.467589,-3.708181,40.467998,-3.708058,bueno
4545,URB,50042007,62.8,40.469953,-3.710684,40.470359,-3.711201,aceptable
4546,URB,32201197,89.0,40.471388,-3.710154,40.471172,-3.711167,aceptable
4548,URB,26235007,1.9,40.471372,-3.712606,40.471358,-3.71262,bueno
4549,URB,26234999,2.8,40.472466,-3.712194,40.472471,-3.712226,bueno
4550,URB,26234767,7.9,40.472969,-3.711192,40.472913,-3.711133,bueno
4551,URB,26202146,68.9,40.47394,-3.71152,40.474536,-3.711299,aceptable
4552,URB,26202146,63.2,40.474011,-3.711588,40.474536,-3.711299,aceptable
4553,URB,26202132,31.8,40.475594,-3.709711,40.475535,-3.710079,bueno
4554,URB,2476977553,7.9,40.472243,-3.710988,40.472228,-3.711079,bueno
4555,URB,26202148,16.4,40.477522,-3.712097,40.477669,-3.7121,bueno
4556,URB,26202178,7.7,40.476446,-3.712641,40.476448,-3.712732,bueno
4557,URB,25687287,47.4,40.475724,-3.711362,40.475308,-3.711242,bueno
4558,URB,26204788,53.2,40.475111,-3.699431,40.474876,-3.698882,aceptable
4559,URB,26205037,28.3,40.476027,-3.699578,40.476214,-3.699351,bueno
4560,URB,26204784,39.6,40.475291,-3.700721,40.475482,-3.700326,bueno
4561,URB,26205033,78.1,40.476373,-3.701113,40.476679,-3.700281,aceptable
4562,URB,26205033,85.1,40.476419,-3.701228,40.476679,-3.700281,aceptable
4563,URB,26233686,11.3,40.472787,-3.703087,40.472703,-3.703162,bueno
4564,URB,25587461,90.5,40.475691,-3.703008,40.475544,-3.70406,aceptable
4565,URB,25904621,39.3,40.477037,-3.70281,40.476977,-3.703269,bueno
4566,URB,26202413,1.2,40.477804,-3.703773,40.477815,-3.703772,bueno
4567,URB,26202857,44.6,40.476544,-3.705214,40.476668,-3.704713,bueno
4568,URB,26202857,34.9,40.476605,-3.705117,40.476668,-3.704713,bueno
4569,URB,26201969,25.7,40.475882,-3.708358,40.475843,-3.708658,bueno
4570,URB,32201404,5.7,40.471605,-3.712105,40.471645,-3.712147,bueno
4572,URB,26205041,106.4,40.474836,-3.697358,40.475671,-3.697971,aceptable
4573,URB,26205041,112.8,40.474736,-3.697454,40.475671,-3.697971,aceptable
4574,URB,26204995,39.1,40.473063,-3.700769,40.473399,-3.700637,bueno
4575,URB,25911254,21.0,40.471873,-3.69903,40.47183,-3.699272,bueno
4576,URB,26204995,65.5,40.472818,-3.700519,40.473399,-3.700637,aceptable
4577,URB,307966806,23.3,40.470702,-3.697238,40.470562,-3.697033,bueno
4578,URB,25911304,25.4,40.467571,-3.692685,40.467402,-3.692482,bueno
4579,URB,414253868,27.5,40.468762,-3.694744,40.468777,-3.695068,bueno
4580,URB,9377219112,22.1,40.467443,-3.693096,40.467625,-3.692992,bueno
4581,URB,25904526,62.5,40.466635,-3.690358,40.466203,-3.689885,aceptable
4582,URB,414253836,29.3,40.467309,-3.691754,40.46728,-3.692098,bueno
4585,URB,47954357,11.0,40.476348,-3.68683,40.476443,-3.686791,bueno
4586,URB,442628204,8.3,40.474879,-3.685335,40.474859,-3.68524,bueno
4587,URB,8894953561,11.4,40.474858,-3.685599,40.474773,-3.685675,bueno
4588,URB,31413993,2.5,40.474162,-3.68577,40.474153,-3.685744,bueno
4589,URB,25907059,31.7,40.473297,-3.687013,40.473554,-3.686851,bueno
4590,URB,354928994,17.2,40.474954,-3.68716,40.475103,-3.687215,bueno
4591,URB,11422650958,29.0,40.47443,-3.687306,40.474213,-3.687497,bueno
4592,URB,8719388676,103.2,40.476004,-3.690132,40.476892,-3.690486,aceptable
4593,URB,6510008214,50.3,40.475258,-3.687842,40.475405,-3.68728,aceptable
4594,URB,25908582,37.1,40.474363,-3.688486,40.47446,-3.688905,bueno
4595,URB,2528653054,65.6,40.474461,-3.690481,40.474615,-3.689732,aceptable
4596,URB,2528653054,64.4,40.474591,-3.690493,40.474615,-3.689732,aceptable
4597,URB,2528653054,69.3,40.474536,-3.690545,40.474615,-3.689732,aceptable
4598,URB,1245898573,24.8,40.479851,-3.687184,40.479816,-3.687473,bueno
4599,URB,2484924966,30.5,40.479706,-3.68711,40.479643,-3.687461,bueno
4600,URB,2484924975,27.5,40.479848,-3.688032,40.479806,-3.687712,bueno
4601,URB,2484924975,52.6,40.479864,-3.688329,40.479806,-3.687712,aceptable
4602,URB,1137181131,26.0,40.480016,-3.688814,40.480128,-3.689083,bueno
4603,URB,1080044966,82.1,40.479236,-3.689961,40.478754,-3.690696,aceptable
4604,URB,1080044966,71.3,40.479297,-3.690248,40.478754,-3.690696,aceptable
4605,URB,8719388676,10.2,40.476923,-3.690373,40.476892,-3.690486,bueno
4606,URB,8719388676,18.5,40.47695,-3.690281,40.476892,-3.690486,bueno
4607,URB,8719388676,63.5,40.476439,-3.690028,40.476892,-3.690486,aceptable
4608,URB,31462825,103.0,40.481134,-3.683207,40.480234,-3.683498,aceptable
4609,URB,354933099,12.2,40.480224,-3.683073,40.4802,-3.683214,bueno
4610,URB,137447862,31.2,40.480422,-3.684652,40.480346,-3.684296,bueno
4611,URB,137448982,94.8,40.477534,-3.68406,40.478088,-3.684912,aceptable
4612,URB,354935282,21.3,40.476412,-3.683776,40.47636,-3.684019,bueno
4614,URB,3101602844,22.7,40.47518,-3.684556,40.475209,-3.68429,bueno
4615,URB,55971051,82.6,40.473681,-3.684114,40.473864,-3.685061,aceptable
4616,URB,56066560,54.0,40.472871,-3.685695,40.47333,-3.685484,aceptable
4617,URB,13685235443,37.4,40.473992,-3.686261,40.474065,-3.686693,bueno
4618,URB,55971272,20.9,40.469479,-3.686786,40.469663,-3.68673,bueno
4619,URB,268514296,26.7,40.467738,-3.686442,40.4675,-3.686404,bueno
4620,URB,25906915,70.0,40.467761,-3.687666,40.467959,-3.688452,aceptable
4621,URB,10047917985,36.5,40.471217,-3.684582,40.471405,-3.684227,bueno
4622,URB,268517092,25.0,40.470195,-3.684405,40.470066,-3.684163,bueno
4642,URB,119815323,49.9,40.45167,-3.667595,40.451224,-3.667529,bueno
4643,URB,119815320,64.3,40.450098,-3.667117,40.450647,-3.667355,aceptable
4719,URB,150866098,8.6,40.473894,-3.720684,40.473818,-3.7207,bueno
4720,URB,150865971,24.8,40.474278,-3.721157,40.474353,-3.720881,bueno
4722,URB,150866140,7.2,40.47211,-3.720267,40.472166,-3.720225,bueno
4723,URB,150866028,80.6,40.47233,-3.721228,40.472587,-3.720337,aceptable
4725,URB,51419174,30.9,40.470175,-3.719583,40.469917,-3.719446,bueno
4726,URB,51419174,33.0,40.469859,-3.719064,40.469917,-3.719446,bueno
4727,URB,51418379,39.6,40.46627,-3.719574,40.46598,-3.719302,bueno
4728,URB,51415861,74.2,40.466023,-3.718361,40.465586,-3.719024,aceptable
4729,URB,344856275,17.6,40.464667,-3.719545,40.464558,-3.719695,bueno
4730,URB,344864101,16.6,40.470822,-3.718642,40.470908,-3.718482,bueno
4731,URB,2008329631,5.8,40.470452,-3.714595,40.470496,-3.714558,bueno
4732,URB,1983544189,25.5,40.469609,-3.715051,40.469637,-3.714752,bueno
4733,URB,353230277,19.7,40.469976,-3.715751,40.469802,-3.715788,bueno
4734,URB,353300841,1.9,40.467665,-3.712288,40.467655,-3.712269,bueno
4737,URB,150866006,26.4,40.473161,-3.717435,40.473163,-3.717748,bueno
4738,URB,150866006,32.1,40.473217,-3.71812,40.473163,-3.717748,bueno
5142,URB,100996358,74.7,40.453527,-3.716157,40.45296,-3.716631,aceptable
5143,URB,98722573,0.8,40.454229,-3.712772,40.454234,-3.712764,bueno
5404,URB,344856267,11.0,40.459809,-3.728936,40.459892,-3.729006,bueno
5410,URB,339842899,12.9,40.456806,-3.729671,40.456874,-3.729796,bueno
5414,URB,26230967,52.0,40.477435,-3.713114,40.477464,-3.713727,aceptable
5415,URB,26202150,10.3,40.477938,-3.71107,40.477945,-3.710949,bueno
5416,URB,26202150,12.4,40.478046,-3.711012,40.477945,-3.710949,bueno
5417,URB,26202186,4.6,40.478268,-3.709456,40.478249,-3.709504,bueno
5418,URB,26202319,24.4,40.478836,-3.707284,40.478777,-3.707007,bueno
5419,URB,26202351,27.3,40.47901,-3.705889,40.479075,-3.705577,bueno
5420,URB,26204368,23.7,40.479663,-3.702972,40.479733,-3.702707,bueno
5421,URB,25687294,90.9,40.478702,-3.712499,40.479499,-3.712736,aceptable
5422,URB,26202147,96.8,40.478643,-3.712409,40.477797,-3.712137,aceptable
5423,URB,339984070,14.1,40.479708,-3.714285,40.479599,-3.714202,bueno
5424,URB,161891037,92.3,40.480739,-3.711075,40.480852,-3.709994,aceptable
5425,URB,161891037,93.8,40.480634,-3.711065,40.480852,-3.709994,aceptable
5426,URB,25587437,121.2,40.481507,-3.706876,40.481796,-3.705495,aceptable
5427,URB,25920353,81.7,40.482678,-3.703005,40.482071,-3.703548,aceptable
5428,URB,25920340,110.6,40.483337,-3.700897,40.483752,-3.699709,aceptable
5429,URB,1137265017,17.0,40.48456,-3.697983,40.484491,-3.697804,bueno
5430,URB,25587448,67.8,40.480199,-3.704589,40.479602,-3.704426,aceptable
5431,URB,25587448,61.8,40.480158,-3.704459,40.479602,-3.704426,aceptable
5432,URB,4633714092,36.1,40.482934,-3.705752,40.483257,-3.705793,bueno
5433,URB,25920346,15.6,40.483001,-3.698824,40.483122,-3.698917,bueno
5434,URB,26202413,50.0,40.478264,-3.703729,40.477815,-3.703772,aceptable
5435,URB,26204368,50.5,40.480166,-3.702886,40.479733,-3.702707,aceptable
5436,URB,162105282,14.6,40.479108,-3.702463,40.478978,-3.702446,bueno
5437,URB,5924972879,17.1,40.476805,-3.711778,40.476653,-3.711751,bueno
5438,URB,25920598,47.7,40.480457,-3.708877,40.480682,-3.709357,bueno
5439,URB,25920600,29.9,40.480774,-3.712448,40.480703,-3.712789,bueno
5440,URB,25920612,27.0,40.479756,-3.713311,40.479868,-3.713029,bueno
5441,URB,25920340,83.4,40.483201,-3.700378,40.483752,-3.699709,aceptable
5442,URB,25920790,45.0,40.481466,-3.709021,40.481109,-3.709273,bueno
5443,URB,25587438,35.6,40.481438,-3.705795,40.481498,-3.705382,bueno
5444,URB,25587429,40.8,40.482484,-3.704444,40.482342,-3.704889,bueno
5451,URB,81485403,37.6,40.460798,-3.68993,40.460604,-3.690293,bueno
5452,URB,102525667,37.6,40.457742,-3.690222,40.457577,-3.69061,bueno
5453,URB,25906722,20.7,40.455638,-3.690423,40.455824,-3.6904,bueno
5454,URB,1752467714,15.9,40.454266,-3.690559,40.454196,-3.690396,bueno
5455,URB,1336935950,63.5,40.450742,-3.690903,40.450172,-3.690957,aceptable
5460,URB,1336935950,14.0,40.450109,-3.690814,40.450172,-3.690957,bueno
5461,URB,1752467714,80.2,40.453478,-3.690488,40.454196,-3.690396,aceptable
5462,URB,81476950,47.8,40.454654,-3.690374,40.454892,-3.690844,bueno
5463,URB,102525667,55.8,40.457238,-3.690123,40.457577,-3.69061,aceptable
5464,URB,101209921,59.4,40.460955,-3.689761,40.460539,-3.689321,aceptable
5465,URB,25906910,14.5,40.464276,-3.68911,40.464147,-3.689088,bueno
5466,URB,98963435,29.3,40.458818,-3.685882,40.458866,-3.685542,bueno
5467,URB,98964419,30.3,40.458783,-3.6852,40.458738,-3.685553,bueno
5468,URB,26412622,39.0,40.465473,-3.691201,40.465443,-3.69166,bueno
5469,URB,98963439,19.4,40.459021,-3.688279,40.458989,-3.688053,bueno
5470,URB,81468704,12.0,40.452181,-3.692643,40.452279,-3.6927,bueno
5471,URB,98989840,24.3,40.451884,-3.686558,40.451902,-3.686272,bueno
5474,URB,25906506,22.4,40.458949,-3.68913,40.458916,-3.689391,bueno
5475,URB,98964417,19.7,40.458871,-3.687832,40.458875,-3.688064,bueno
5476,URB,98964418,29.5,40.458794,-3.686408,40.458798,-3.686756,bueno
5477,URB,2494947297,10.6,40.458723,-3.683926,40.458762,-3.68404,bueno
5478,URB,98963435,27.2,40.458879,-3.685862,40.458866,-3.685542,bueno
5479,URB,98963436,19.7,40.458941,-3.686984,40.458928,-3.686752,bueno
5480,URB,98987562,69.8,40.459827,-3.687985,40.460453,-3.687924,aceptable
5481,URB,101208934,7.6,40.457804,-3.686868,40.457737,-3.686855,bueno
5482,URB,3988243858,47.9,40.459561,-3.685524,40.459987,-3.685433,bueno
5483,URB,101208812,19.4,40.457487,-3.685632,40.45766,-3.685661,bueno
5484,URB,81470176,32.8,40.452241,-3.691615,40.452312,-3.691239,bueno
5485,URB,339391846,12.7,40.452207,-3.69376,40.452253,-3.693623,bueno
5486,URB,81602123,17.0,40.452417,-3.695396,40.452426,-3.695597,bueno
5487,URB,81472408,16.7,40.452585,-3.697484,40.452531,-3.697299,bueno
5488,URB,81572826,16.9,40.452717,-3.700945,40.452733,-3.701144,bueno
5489,URB,10822977296,6.1,40.452547,-3.699074,40.452576,-3.699135,bueno
5490,URB,81473207,23.5,40.452397,-3.696281,40.452412,-3.696557,bueno
5491,URB,339391846,9.0,40.452275,-3.693725,40.452253,-3.693623,bueno
5492,URB,98766712,2.9,40.45307,-3.694969,40.453062,-3.694937,bueno
5493,URB,81466848,39.7,40.451964,-3.695095,40.452312,-3.694996,bueno
5494,URB,1728461372,32.6,40.453094,-3.697265,40.453039,-3.696886,bueno
5495,URB,2282176934,24.6,40.452963,-3.699311,40.453181,-3.699261,bueno
5496,URB,81582480,30.2,40.451898,-3.699493,40.451628,-3.699536,bueno
5498,URB,706689950,89.1,40.451812,-3.684001,40.451241,-3.683263,aceptable
5499,URB,98999476,101.9,40.453039,-3.684945,40.452248,-3.685553,aceptable
5500,URB,101190157,28.0,40.450584,-3.687144,40.450402,-3.687372,bueno
5501,URB,98989151,21.9,40.451919,-3.688096,40.451925,-3.688354,bueno
5502,URB,101190157,17.5,40.450314,-3.687543,40.450402,-3.687372,bueno
5504,URB,98984112,94.7,40.453024,-3.686636,40.452254,-3.686158,aceptable
5505,URB,102221207,12.4,40.455072,-3.687028,40.455181,-3.687059,bueno
5506,URB,102221207,22.3,40.454984,-3.687106,40.455181,-3.687059,bueno
5507,URB,98984384,73.9,40.454067,-3.688304,40.454236,-3.689148,aceptable
5508,URB,25906503,39.1,40.458374,-3.690515,40.458577,-3.690138,bueno
5509,URB,102525667,11.0,40.457479,-3.690596,40.457577,-3.69061,bueno
5510,URB,81473206,39.8,40.45215,-3.698121,40.452506,-3.698078,bueno
5511,URB,81485403,14.0,40.460478,-3.690292,40.460604,-3.690293,bueno
5512,URB,25906695,21.3,40.456659,-3.69018,40.456467,-3.690196,bueno
5513,URB,565714261,15.9,40.462925,-3.689688,40.463035,-3.689808,bueno
5515,URB,7235194735,100.7,40.466429,-3.687172,40.466698,-3.686036,aceptable
5516,URB,7235194735,26.4,40.466762,-3.685735,40.466698,-3.686036,bueno
5517,URB,31322832,60.1,40.467501,-3.68066,40.467477,-3.68137,aceptable
5518,URB,31322838,63.7,40.467569,-3.675902,40.467761,-3.676612,aceptable
5519,URB,31322842,82.6,40.466802,-3.673386,40.467099,-3.674282,aceptable
5520,URB,25962806,22.2,40.466416,-3.670449,40.466336,-3.670209,bueno
5521,URB,102222349,25.1,40.466648,-3.672668,40.466558,-3.672397,bueno
5522,URB,31322838,10.3,40.467774,-3.676492,40.467761,-3.676612,bueno
5523,URB,102359894,15.8,40.467331,-3.683211,40.467331,-3.683024,bueno
5524,URB,102279322,20.4,40.467019,-3.684736,40.46705,-3.684498,bueno
5525,URB,7235194735,89.9,40.466522,-3.687072,40.466698,-3.686036,aceptable
5526,URB,268514296,7.3,40.467545,-3.686466,40.4675,-3.686404,bueno
5527,URB,98972138,65.6,40.465626,-3.685603,40.466204,-3.685757,aceptable
5528,URB,268514297,2.9,40.467657,-3.684499,40.467683,-3.684498,bueno
5529,URB,102222859,8.5,40.467792,-3.678952,40.467868,-3.678947,bueno
5530,URB,12106180230,26.6,40.466681,-3.67916,40.466919,-3.679129,bueno
5531,URB,102294572,5.7,40.468856,-3.677149,40.468805,-3.677151,bueno
5532,URB,2637062297,27.4,40.468352,-3.673781,40.468543,-3.673577,bueno
5533,URB,3605444570,20.9,40.465993,-3.675242,40.465833,-3.675371,bueno
5534,URB,102364267,3.3,40.467145,-3.672371,40.467117,-3.672357,bueno
5535,URB,31322834,27.8,40.467292,-3.679077,40.467537,-3.679011,bueno
5536,URB,102224463,30.1,40.465589,-3.679433,40.46532,-3.679483,bueno
5537,URB,102224467,37.2,40.462486,-3.68023,40.462165,-3.680354,bueno
5538,URB,102224463,26.5,40.465551,-3.679402,40.46532,-3.679483,bueno
5539,URB,102283415,58.2,40.463738,-3.680557,40.463625,-3.681228,aceptable
5540,URB,13078794552,69.9,40.46651,-3.674983,40.467054,-3.674569,aceptable
5541,URB,102498161,22.1,40.464961,-3.675688,40.465147,-3.675594,bueno
5542,URB,102375910,59.2,40.46334,-3.676033,40.46332,-3.676732,aceptable
5543,URB,102375920,15.5,40.461451,-3.676414,40.461583,-3.676354,bueno
5544,URB,60671762,27.5,40.459904,-3.676691,40.460146,-3.676626,bueno
5545,URB,98963432,47.3,40.458596,-3.681084,40.458656,-3.680531,bueno
5546,URB,1506821327,64.1,40.456547,-3.677099,40.45712,-3.677015,aceptable
5547,URB,98989165,114.4,40.45268,-3.677416,40.451657,-3.67757,aceptable
5548,URB,1506821254,65.5,40.455913,-3.677044,40.455347,-3.677261,aceptable
5549,URB,29803007,40.6,40.45748,-3.676868,40.457115,-3.676905,bueno
5551,URB,60671665,29.5,40.46079,-3.676447,40.460542,-3.676567,bueno
5552,URB,60671220,58.5,40.462577,-3.676104,40.462063,-3.676253,aceptable
5553,URB,60671219,37.3,40.464303,-3.675743,40.463978,-3.675851,bueno
5554,URB,102222352,68.1,40.467874,-3.67398,40.467338,-3.674371,aceptable
5555,URB,102286635,3.2,40.465562,-3.676524,40.465585,-3.676547,bueno
5556,URB,60671220,69.7,40.461967,-3.675439,40.462063,-3.676253,aceptable
5557,URB,102517319,3.4,40.460313,-3.677658,40.460336,-3.677632,bueno
5558,URB,102509276,21.2,40.460381,-3.675096,40.460361,-3.675346,bueno
5561,URB,119807565,10.7,40.457118,-3.677816,40.457158,-3.677931,bueno
5562,URB,119838821,44.1,40.454336,-3.678276,40.454088,-3.678683,bueno
5563,URB,119806748,8.9,40.455229,-3.676198,40.455214,-3.676094,bueno
5564,URB,102384339,30.0,40.460331,-3.679501,40.460295,-3.679853,bueno
5565,URB,98977907,35.5,40.462356,-3.684371,40.462586,-3.684661,bueno
5566,URB,102285060,57.9,40.46436,-3.685441,40.463852,-3.685291,aceptable
5567,URB,102385604,2.0,40.46091,-3.682025,40.460928,-3.682026,bueno
5568,URB,102224468,45.0,40.461413,-3.680579,40.461806,-3.680452,bueno
5569,URB,102387113,7.2,40.45919,-3.681522,40.459144,-3.681581,bueno
5570,URB,98973957,65.2,40.461607,-3.685245,40.462193,-3.685221,aceptable
5571,URB,102387112,13.8,40.459472,-3.681397,40.459571,-3.681299,bueno
5572,URB,98999482,49.6,40.457298,-3.681294,40.456911,-3.681002,bueno
5573,URB,98999479,37.4,40.455805,-3.681644,40.455574,-3.681965,bueno
5574,URB,98999484,5.1,40.457764,-3.68163,40.457719,-3.681615,bueno
5575,URB,98963432,25.5,40.458676,-3.680831,40.458656,-3.680531,bueno
5576,URB,102385784,12.4,40.458589,-3.683395,40.458599,-3.683541,bueno
5577,URB,119794654,18.1,40.456702,-3.680178,40.456744,-3.679971,bueno
5578,URB,119797319,6.9,40.456474,-3.680793,40.456474,-3.680711,bueno
5579,URB,1672792326,40.7,40.456939,-3.679103,40.456965,-3.678623,bueno
5580,URB,119794656,19.6,40.456115,-3.679728,40.455947,-3.679661,bueno
5581,URB,98963433,37.9,40.458524,-3.681504,40.458627,-3.681931,bueno
5582,URB,320706075,55.0,40.458684,-3.678413,40.458567,-3.677783,aceptable
5583,URB,98964423,84.4,40.457786,-3.680277,40.45853,-3.680479,aceptable
5585,URB,98965348,34.9,40.458351,-3.671103,40.458382,-3.671514,bueno
5586,URB,320596960,56.4,40.460174,-3.667341,40.459736,-3.667676,aceptable
5587,URB,98970998,33.6,40.458753,-3.669711,40.45871,-3.670104,bueno
5588,URB,119808876,15.7,40.457759,-3.671997,40.457618,-3.67199,bueno
5589,URB,102505416,25.0,40.459881,-3.669393,40.460008,-3.669637,bueno
5590,URB,119813618,0.1,40.45812,-3.667026,40.458121,-3.667027,bueno
5591,URB,1775159830,16.6,40.459729,-3.666276,40.459683,-3.666463,bueno
5592,URB,102580085,25.4,40.459607,-3.668819,40.459432,-3.668626,bueno
5593,URB,102518637,16.2,40.460195,-3.670551,40.460154,-3.670368,bueno
5594,URB,102519220,93.5,40.460282,-3.672779,40.460211,-3.671678,aceptable
5595,URB,102509276,9.3,40.460332,-3.675243,40.460361,-3.675346,bueno
5596,URB,102519220,93.2,40.460234,-3.672779,40.460211,-3.671678,aceptable
5597,URB,102518637,31.4,40.460155,-3.670738,40.460154,-3.670368,bueno
5598,URB,119830210,10.5,40.456244,-3.671721,40.456153,-3.671689,bueno
5599,URB,119805488,72.1,40.456954,-3.671163,40.456915,-3.672013,aceptable
5600,URB,119807939,20.7,40.457499,-3.674438,40.457683,-3.674399,bueno
5601,URB,102188262,69.2,40.455732,-3.674218,40.455113,-3.67414,aceptable
5602,URB,102188262,84.6,40.455123,-3.67314,40.455113,-3.67414,aceptable
5603,URB,102188262,79.9,40.455139,-3.675084,40.455113,-3.67414,aceptable
5604,URB,102188265,97.2,40.457,-3.67327,40.457013,-3.674419,aceptable
5605,URB,119806747,45.6,40.457041,-3.675351,40.457074,-3.675889,bueno
5606,URB,98964423,7.5,40.458561,-3.680401,40.45853,-3.680479,bueno
5607,URB,2494930275,21.3,40.458545,-3.674589,40.458577,-3.674341,bueno
5608,URB,29803013,32.5,40.459165,-3.6767,40.458877,-3.676767,bueno
5609,URB,29803008,46.0,40.45797,-3.676943,40.458373,-3.676817,bueno
5610,URB,119838822,30.6,40.454548,-3.67806,40.454694,-3.677753,bueno
5611,URB,616266900,32.7,40.453033,-3.678882,40.45274,-3.678842,bueno
5612,URB,119838820,29.3,40.453384,-3.679708,40.45323,-3.679988,bueno
5613,URB,2637038896,36.5,40.467349,-3.682505,40.467338,-3.682936,bueno
5614,URB,31322833,11.4,40.467616,-3.67981,40.467604,-3.679676,bueno
5615,URB,102361364,34.4,40.46808,-3.6814,40.468389,-3.68142,bueno
5616,URB,98970998,40.6,40.45884,-3.669656,40.45871,-3.670104,bueno
5617,URB,1775159830,18.3,40.459677,-3.666246,40.459683,-3.666463,bueno
5618,URB,1775159830,17.9,40.459592,-3.666288,40.459683,-3.666463,bueno
5619,URB,320596960,61.6,40.460072,-3.667098,40.459736,-3.667676,aceptable
5621,URB,102519220,22.5,40.460009,-3.671696,40.460211,-3.671678,bueno
5622,URB,26412629,6.0,40.464724,-3.694578,40.464702,-3.694513,bueno
5623,URB,26412844,28.9,40.457098,-3.701774,40.456856,-3.701897,bueno
5624,URB,93868939,3.8,40.459669,-3.699247,40.459694,-3.699279,bueno
5625,URB,26412663,27.9,40.463088,-3.696804,40.462897,-3.697017,bueno
5626,URB,26412630,14.4,40.464418,-3.695219,40.464506,-3.695093,bueno
5627,URB,26412625,3.6,40.465255,-3.692819,40.465278,-3.692787,bueno
5628,URB,81568599,21.7,40.46478,-3.692948,40.464601,-3.692846,bueno
5629,URB,60106832,3.7,40.464912,-3.696404,40.464882,-3.696388,bueno
5630,URB,91611942,4.1,40.460958,-3.699251,40.460995,-3.699254,bueno
5631,URB,81571928,32.7,40.459552,-3.698376,40.459644,-3.698743,bueno
5632,URB,93862635,6.3,40.457207,-3.702465,40.457212,-3.702539,bueno
5633,URB,81478204,40.3,40.457195,-3.700176,40.457093,-3.699718,bueno
5634,URB,81468698,38.0,40.4542,-3.692483,40.453858,-3.692492,bueno
5635,URB,81468696,30.6,40.455265,-3.692376,40.45499,-3.692385,bueno
5636,URB,81468692,46.2,40.458088,-3.692096,40.457673,-3.692132,bueno
5637,URB,81468689,58.5,40.459719,-3.691902,40.459197,-3.691988,aceptable
5638,URB,81468688,41.4,40.461068,-3.691816,40.460696,-3.691836,bueno
5639,URB,81468683,30.5,40.464485,-3.691478,40.464211,-3.691505,bueno
5640,URB,81476950,43.1,40.454959,-3.691346,40.454892,-3.690844,bueno
5641,URB,81466852,67.5,40.455061,-3.69397,40.455143,-3.694761,aceptable
5642,URB,81478195,36.9,40.456213,-3.691334,40.45617,-3.690901,bueno
5643,URB,81468695,92.4,40.456289,-3.693358,40.456241,-3.692267,aceptable
5645,URB,25906501,42.4,40.459151,-3.691106,40.459184,-3.690607,bueno
5646,URB,81466856,92.1,40.459186,-3.693249,40.459253,-3.694334,aceptable
5647,URB,81485403,53.3,40.460655,-3.69092,40.460604,-3.690293,aceptable
5648,URB,81466860,83.2,40.460786,-3.693126,40.460889,-3.6941,aceptable
5649,URB,1738553332,25.7,40.462075,-3.69083,40.462015,-3.690537,bueno
5650,URB,81466861,42.6,40.461743,-3.69397,40.462125,-3.693936,bueno
5651,URB,81466858,29.8,40.460441,-3.69416,40.460176,-3.694215,bueno
5653,URB,81507799,31.4,40.463307,-3.69378,40.463519,-3.693534,bueno
5654,URB,81507802,15.9,40.461783,-3.695294,40.461682,-3.695427,bueno
5655,URB,81468686,60.8,40.462126,-3.692428,40.462103,-3.691709,aceptable
5656,URB,81466860,87.0,40.460822,-3.693076,40.460889,-3.6941,aceptable
5657,URB,11227229112,25.7,40.459195,-3.694968,40.459413,-3.694867,bueno
5658,URB,81480667,30.9,40.459685,-3.695689,40.459797,-3.696023,bueno
5659,URB,81468689,92.2,40.459256,-3.693075,40.459197,-3.691988,aceptable
5660,URB,81468695,83.5,40.456324,-3.693248,40.456241,-3.692267,aceptable
5661,URB,81466852,76.6,40.455097,-3.693857,40.455143,-3.694761,aceptable
5662,URB,81478198,13.5,40.456517,-3.696777,40.456499,-3.696935,bueno
5663,URB,81477265,59.5,40.455701,-3.695307,40.455167,-3.69533,aceptable
5664,URB,81577762,22.3,40.45602,-3.69828,40.455833,-3.698376,bueno
5665,URB,81478202,42.4,40.457077,-3.697868,40.456716,-3.698028,bueno
5666,URB,81507805,37.4,40.458717,-3.697188,40.458394,-3.697312,bueno
5667,URB,81507806,62.0,40.45747,-3.69775,40.457991,-3.697492,aceptable
5668,URB,81570925,17.1,40.457944,-3.697022,40.457941,-3.69682,bueno
5669,URB,81468686,39.2,40.462073,-3.691248,40.462103,-3.691709,bueno
5670,URB,81468691,23.9,40.459092,-3.691716,40.459089,-3.691998,bueno
5671,URB,81507803,15.5,40.460658,-3.696368,40.460767,-3.696254,bueno
5672,URB,81571719,21.5,40.459492,-3.6968,40.45968,-3.696738,bueno
5673,URB,11227229112,32.8,40.459635,-3.695124,40.459413,-3.694867,bueno
5674,URB,81480097,25.4,40.460246,-3.696776,40.4601,-3.696544,bueno
5675,URB,81468695,18.5,40.456214,-3.692052,40.456241,-3.692267,bueno
5676,URB,26412638,15.0,40.46353,-3.696506,40.463615,-3.696369,bueno
5677,URB,81507802,23.1,40.461861,-3.695288,40.461682,-3.695427,bueno
5678,URB,81507803,21.3,40.460583,-3.696323,40.460767,-3.696254,bueno
5679,URB,81466860,20.6,40.460967,-3.694322,40.460889,-3.6941,bueno
5680,URB,102525667,37.5,40.457606,-3.691051,40.457577,-3.69061,bueno
5681,URB,26412844,28.1,40.457073,-3.701728,40.456856,-3.701897,bueno
5682,URB,2273627198,17.3,40.457467,-3.701697,40.457332,-3.701595,bueno
5683,URB,93862635,56.6,40.457018,-3.703157,40.457212,-3.702539,aceptable
5684,URB,26412668,13.0,40.461656,-3.697958,40.461755,-3.697877,bueno
5685,URB,26412815,17.0,40.460364,-3.698666,40.460222,-3.698745,bueno
5686,URB,93868939,8.1,40.459663,-3.699365,40.459694,-3.699279,bueno
5687,URB,26412838,18.0,40.458349,-3.700854,40.458447,-3.700685,bueno
5688,URB,26412839,12.1,40.457925,-3.701082,40.45803,-3.701049,bueno
5689,URB,26412822,10.6,40.459091,-3.699931,40.459034,-3.700031,bueno
5690,URB,26412630,23.3,40.464577,-3.694834,40.464506,-3.695093,bueno
5691,URB,26412839,3.0,40.458018,-3.70108,40.45803,-3.701049,bueno
5692,URB,26412638,4.2,40.463618,-3.69632,40.463615,-3.696369,bueno
5693,URB,26412704,69.4,40.460366,-3.697654,40.460623,-3.698401,aceptable
5694,URB,342430343,66.9,40.460489,-3.697601,40.461065,-3.697375,aceptable
5699,URB,26413033,6.2,40.450481,-3.703403,40.45053,-3.703438,bueno
5700,URB,339391878,6.0,40.451816,-3.703212,40.451867,-3.703238,bueno
5701,URB,26412911,9.1,40.452925,-3.703034,40.452854,-3.703087,bueno
5702,URB,26412871,39.1,40.455386,-3.702542,40.455728,-3.702438,bueno
5703,URB,26412845,23.8,40.456478,-3.702065,40.456293,-3.702205,bueno
5705,URB,93888896,17.3,40.454956,-3.703693,40.455086,-3.703805,bueno
5706,URB,98724251,0.9,40.452901,-3.703915,40.452903,-3.703926,bueno
5707,URB,34408565,15.7,40.450058,-3.704442,40.450077,-3.704626,bueno
5708,URB,81604772,58.5,40.450446,-3.702593,40.450424,-3.701902,aceptable
5720,URB,98746811,24.5,40.451117,-3.696675,40.450896,-3.696685,bueno
5723,URB,81466847,51.1,40.451257,-3.695064,40.4508,-3.695133,aceptable
5724,URB,81466847,37.4,40.450468,-3.695207,40.4508,-3.695133,bueno
5726,URB,98746811,9.5,40.450868,-3.696579,40.450896,-3.696685,bueno
5731,URB,28096046,33.3,40.450024,-3.696765,40.449726,-3.696806,bueno
5734,URB,81466847,22.4,40.450852,-3.695388,40.4508,-3.695133,bueno
5737,URB,98746811,28.0,40.450923,-3.697014,40.450896,-3.696685,bueno
5744,URB,102322212,70.3,40.474255,-3.677296,40.473974,-3.678041,aceptable
5745,URB,1137204068,70.9,40.473138,-3.676727,40.472626,-3.676229,aceptable
5746,URB,102320034,36.8,40.473135,-3.677274,40.473321,-3.677634,bueno
5747,URB,25924922,24.3,40.473043,-3.674666,40.472993,-3.674946,bueno
5748,URB,3255683441,84.7,40.472048,-3.674644,40.472408,-3.675526,aceptable
5749,URB,7978149668,46.4,40.471779,-3.675876,40.47137,-3.675989,bueno
5750,URB,1137204068,38.2,40.47276,-3.676645,40.472626,-3.676229,bueno
5751,URB,102291414,23.6,40.470558,-3.675863,40.470506,-3.676134,bueno
5752,URB,102291414,35.4,40.470381,-3.676519,40.470506,-3.676134,bueno
5753,URB,102330095,15.8,40.476495,-3.676217,40.476517,-3.676402,bueno
5754,URB,102331886,16.4,40.479526,-3.675476,40.479498,-3.675667,bueno
5755,URB,93871336,10.7,40.461898,-3.700842,40.461925,-3.700964,bueno
5756,URB,91611947,12.7,40.462942,-3.702917,40.463033,-3.703009,bueno
5757,URB,50679356,20.4,40.464148,-3.705678,40.464051,-3.705473,bueno
5759,URB,50679360,1.8,40.464947,-3.706027,40.464954,-3.706047,bueno
5760,URB,4640732577,27.9,40.464548,-3.706347,40.464297,-3.706331,bueno
5870,URB,41867702,25.8,40.480569,-3.721919,40.480517,-3.722216,bueno
5871,URB,41867702,20.9,40.480607,-3.721999,40.480517,-3.722216,bueno
5872,URB,2678931611,29.5,40.481719,-3.71923,40.481655,-3.719568,bueno
5873,URB,2678931611,18.9,40.481739,-3.719374,40.481655,-3.719568,bueno
5874,URB,25693475,78.9,40.482684,-3.716029,40.482945,-3.715162,aceptable
5875,URB,25693475,81.6,40.482744,-3.716089,40.482945,-3.715162,aceptable
5876,URB,25693479,47.8,40.483429,-3.713059,40.48329,-3.713594,bueno
5877,URB,8687348893,43.9,40.484609,-3.710826,40.484774,-3.711298,bueno
5878,URB,2485082425,4.2,40.485676,-3.709233,40.48571,-3.709256,bueno
5879,URB,254459987,64.3,40.48676,-3.707504,40.48697,-3.706796,aceptable
5880,URB,2489189068,7.0,40.498463,-3.707574,40.498414,-3.707523,bueno
5881,URB,26209509,0.2,40.488949,-3.70158,40.488948,-3.701578,bueno
5882,URB,258603594,10.5,40.480571,-3.724075,40.480546,-3.723955,bueno
5883,URB,31488956,27.0,40.481709,-3.716938,40.481907,-3.717122,bueno
5884,URB,25920642,39.5,40.481282,-3.715229,40.481139,-3.715657,bueno
5885,URB,642051838,52.8,40.48216,-3.712475,40.482276,-3.711869,aceptable
5886,URB,388039880,26.2,40.48142,-3.713114,40.481211,-3.713256,bueno
5887,URB,25920289,23.7,40.48569,-3.708769,40.4859,-3.708809,bueno
5888,URB,25920269,36.8,40.484693,-3.707826,40.48448,-3.707492,bueno
5889,URB,4633714092,23.4,40.483418,-3.705972,40.483257,-3.705793,bueno
5890,URB,25920540,54.2,40.483388,-3.707915,40.483032,-3.708351,aceptable
5891,URB,25920287,84.7,40.484512,-3.706123,40.48513,-3.706709,aceptable
5892,URB,390063305,40.6,40.491035,-3.699185,40.490679,-3.699077,bueno
5893,URB,1137265094,35.8,40.489516,-3.697432,40.489215,-3.697279,bueno
5894,URB,25693466,77.5,40.483721,-3.7154,40.483229,-3.714752,aceptable
5895,URB,258369438,81.1,40.484888,-3.71612,40.485561,-3.71649,aceptable
5896,URB,258369438,81.6,40.484856,-3.716226,40.485561,-3.71649,aceptable
5897,URB,60336185,115.1,40.484099,-3.715556,40.483734,-3.714282,aceptable
5898,URB,258369438,86.3,40.4848,-3.716294,40.485561,-3.71649,aceptable
5899,URB,77851785,9.5,40.490299,-3.696477,40.490381,-3.696448,bueno
5900,URB,77851785,9.0,40.490372,-3.696554,40.490381,-3.696448,bueno
5901,URB,77852630,12.3,40.489477,-3.700817,40.489366,-3.700818,bueno
5902,URB,390958490,20.4,40.481374,-3.717014,40.481466,-3.716806,bueno
5903,URB,1379337282,24.6,40.482485,-3.722454,40.482265,-3.722418,bueno
5904,URB,26209494,23.0,40.488051,-3.698936,40.488143,-3.698693,bueno
5905,URB,26209494,20.3,40.48796,-3.698683,40.488143,-3.698693,bueno
5906,URB,258361897,16.2,40.485869,-3.70931,40.485766,-3.709174,bueno
6009,URB,3317821927,11.1,40.462254,-3.664437,40.462169,-3.664369,bueno
6010,URB,25925643,52.5,40.46138,-3.663362,40.461696,-3.663822,aceptable
6011,URB,285888298,13.2,40.460504,-3.662089,40.460589,-3.662197,bueno
6012,URB,100963152,16.8,40.459606,-3.660275,40.459503,-3.660129,bueno
6013,URB,100963150,11.1,40.458632,-3.65896,40.458728,-3.658999,bueno
6014,URB,100963149,28.9,40.457963,-3.658495,40.458221,-3.65854,bueno
6015,URB,100955655,38.3,40.456776,-3.657458,40.456496,-3.657195,bueno
6016,URB,100955655,14.0,40.456523,-3.657033,40.456496,-3.657195,bueno
6017,URB,100963140,11.6,40.454776,-3.655648,40.454837,-3.655538,bueno
6026,URB,100964044,56.2,40.462305,-3.663268,40.461923,-3.663703,aceptable
6027,URB,25925644,82.4,40.460733,-3.663293,40.460669,-3.662322,aceptable
6028,URB,100963154,95.7,40.46069,-3.660181,40.460043,-3.660928,aceptable
6029,URB,253115751,45.3,40.458076,-3.660325,40.457692,-3.660504,bueno
6030,URB,100963148,104.7,40.457801,-3.656675,40.457297,-3.65772,aceptable
6031,URB,100955658,85.5,40.455341,-3.657371,40.455783,-3.656544,aceptable
6034,URB,253115710,8.3,40.462044,-3.658663,40.461977,-3.658705,bueno
6035,URB,253624533,11.2,40.463162,-3.656856,40.46312,-3.656976,bueno
6036,URB,253115511,88.2,40.464279,-3.656818,40.463642,-3.657439,aceptable
6038,URB,282275767,24.0,40.454839,-3.660661,40.455055,-3.660675,bueno
6039,URB,253116003,50.0,40.45327,-3.66062,40.453699,-3.660798,aceptable
6040,URB,253115782,6.6,40.451018,-3.659475,40.450963,-3.659447,bueno
6041,URB,3284347481,33.9,40.453314,-3.662344,40.45341,-3.661964,bueno
6042,URB,253116038,28.9,40.454473,-3.659188,40.454303,-3.659447,bueno
6043,URB,3284347475,36.0,40.451768,-3.661793,40.451999,-3.661495,bueno
6044,URB,100955664,28.7,40.452457,-3.653598,40.452685,-3.653756,bueno
6045,URB,100963136,23.7,40.451977,-3.653072,40.451796,-3.652923,bueno
6059,URB,253115721,23.7,40.461595,-3.659509,40.461481,-3.659272,bueno
6061,URB,253116133,22.5,40.454871,-3.658805,40.454702,-3.65866,bueno
6062,URB,100964049,44.4,40.465693,-3.665692,40.465302,-3.665582,bueno
6063,URB,285911596,16.1,40.467985,-3.666321,40.467858,-3.666413,bueno
6064,URB,13311216794,42.2,40.468473,-3.6666,40.468847,-3.666688,bueno
6065,URB,100954669,19.6,40.469604,-3.666903,40.469778,-3.666939,bueno
6066,URB,100964061,46.3,40.470267,-3.666938,40.470675,-3.667051,bueno
6067,URB,100964067,32.6,40.472838,-3.667788,40.472594,-3.667576,bueno
6068,URB,100964069,32.4,40.474609,-3.66812,40.474324,-3.668044,bueno
6069,URB,269978277,4.1,40.478211,-3.668863,40.47824,-3.668833,bueno
6070,URB,270131248,15.1,40.479169,-3.668138,40.479061,-3.668246,bueno
6071,URB,2027208868,17.3,40.480536,-3.666976,40.480654,-3.666844,bueno
6072,URB,25962796,21.9,40.466801,-3.667476,40.466806,-3.667217,bueno
6073,URB,100964059,75.2,40.469064,-3.665703,40.468924,-3.666572,aceptable
6074,URB,27224654,52.9,40.476578,-3.669926,40.476888,-3.670401,aceptable
6075,URB,269958045,18.3,40.480377,-3.667932,40.480488,-3.668094,bueno
6076,URB,100964064,101.1,40.471749,-3.665964,40.471547,-3.667129,aceptable
6077,URB,3216358575,12.4,40.475406,-3.667449,40.475363,-3.667314,bueno
6078,URB,221342520,2.6,40.474107,-3.663946,40.474112,-3.663976,bueno
6079,URB,270161794,17.0,40.474125,-3.66276,40.474009,-3.662891,bueno
6080,URB,1492770597,12.4,40.473095,-3.662927,40.473196,-3.66299,bueno
6081,URB,269978245,79.3,40.478227,-3.671232,40.478171,-3.670298,aceptable
6082,URB,269972859,75.7,40.480017,-3.672865,40.480031,-3.671971,aceptable
6083,URB,286219087,13.4,40.47886,-3.672961,40.478935,-3.672835,bueno
6084,URB,269965816,19.8,40.479438,-3.67127,40.479475,-3.671041,bueno
6085,URB,3216358575,6.8,40.475304,-3.667336,40.475363,-3.667314,bueno
6086,URB,221342520,29.2,40.474364,-3.664074,40.474112,-3.663976,bueno
6087,URB,270187350,82.0,40.472233,-3.66128,40.471896,-3.660419,aceptable
6088,URB,26747736,11.4,40.475228,-3.665521,40.475331,-3.665521,bueno
6089,URB,285911950,26.4,40.474135,-3.665215,40.473899,-3.66518,bueno
6090,URB,285913437,39.0,40.472032,-3.664025,40.471706,-3.664195,bueno
6091,URB,8791403852,5.6,40.482752,-3.664258,40.482714,-3.664302,bueno
6092,URB,1217616417,31.6,40.483306,-3.663364,40.483152,-3.663679,bueno
6093,URB,221284178,37.5,40.484493,-3.661471,40.484196,-3.661681,bueno
6094,URB,290829705,30.9,40.484007,-3.663518,40.484172,-3.663224,bueno
6095,URB,100941644,43.9,40.483499,-3.665118,40.483354,-3.664636,bueno
6096,URB,8791350663,10.6,40.482523,-3.664765,40.482596,-3.664684,bueno
6097,URB,270127881,4.5,40.480324,-3.666937,40.480354,-3.666901,bueno
6098,URB,26743900,24.8,40.479564,-3.666468,40.479407,-3.66626,bueno
6099,URB,270161803,22.5,40.478047,-3.66443,40.477896,-3.664254,bueno
6100,URB,100964047,23.0,40.463594,-3.665101,40.463396,-3.665025,bueno
6101,URB,254358937,27.3,40.467508,-3.663765,40.467599,-3.663464,bueno
6102,URB,285909617,16.9,40.466847,-3.663239,40.466997,-3.663272,bueno
6103,URB,285911800,17.8,40.468166,-3.663653,40.468325,-3.663664,bueno
6104,URB,290829705,21.5,40.484358,-3.663154,40.484172,-3.663224,bueno
6105,URB,3613373158,8.6,40.482538,-3.664172,40.482544,-3.664273,bueno
6106,URB,100964068,22.0,40.473512,-3.667558,40.473453,-3.667807,bueno
6107,URB,100964060,30.4,40.469884,-3.666477,40.469809,-3.666822,bueno
6109,URB,27224687,19.5,40.474548,-3.665348,40.47472,-3.665388,bueno
6110,URB,221342520,26.6,40.474045,-3.664278,40.474112,-3.663976,bueno
6111,URB,1492770599,6.7,40.47336,-3.66333,40.4734,-3.663389,bueno
6112,URB,270182075,6.8,40.473607,-3.663439,40.473638,-3.663371,bueno
6221,URB,253625470,32.1,40.463352,-3.652475,40.46349,-3.652809,bueno
6222,URB,219356405,17.3,40.463252,-3.651896,40.46317,-3.651724,bueno
6241,URB,219511390,31.4,40.45716,-3.652806,40.457133,-3.653176,bueno
6242,URB,1862248776,85.9,40.456367,-3.655304,40.456099,-3.654352,aceptable
6248,URB,2422171924,16.2,40.456314,-3.653617,40.456182,-3.653536,bueno
6249,URB,282272122,14.2,40.457568,-3.654768,40.457685,-3.654834,bueno
6271,URB,1489535622,16.0,40.462554,-3.653278,40.462452,-3.653412,bueno
6272,URB,254357166,60.5,40.464368,-3.652881,40.464839,-3.653237,aceptable
6286,URB,253622131,39.0,40.466019,-3.654896,40.466308,-3.654636,bueno
6287,URB,355164178,54.6,40.468919,-3.652361,40.469285,-3.65193,aceptable
6288,URB,254996924,5.0,40.470725,-3.650811,40.470759,-3.650771,bueno
6292,URB,254996525,80.9,40.471359,-3.656338,40.471554,-3.655416,aceptable
6293,URB,950736373,9.3,40.472677,-3.650553,40.472665,-3.650663,bueno
6300,URB,254968745,14.6,40.474173,-3.655847,40.474238,-3.655697,bueno
6301,URB,254968745,7.0,40.474178,-3.655723,40.474238,-3.655697,bueno
6302,URB,31040865,17.6,40.466633,-3.655578,40.466591,-3.655779,bueno
6303,URB,254357254,17.1,40.46718,-3.652491,40.467161,-3.652692,bueno
6308,URB,2455933039,14.7,40.469907,-3.65075,40.469838,-3.650898,bueno
6310,URB,252155841,63.3,40.478673,-3.652475,40.479133,-3.652033,aceptable
6311,URB,253523238,47.7,40.48004,-3.651278,40.479654,-3.651527,bueno
6312,URB,254995414,69.9,40.475822,-3.655017,40.475926,-3.654201,aceptable
6313,URB,254996321,51.9,40.47233,-3.656804,40.471918,-3.657091,aceptable
6314,URB,263917164,28.1,40.473411,-3.655176,40.473487,-3.654859,bueno
6315,URB,254359079,40.8,40.475236,-3.656178,40.475266,-3.656659,bueno
6327,URB,254996240,16.1,40.473459,-3.65452,40.473585,-3.654612,bueno
6330,URB,252155856,12.7,40.479288,-3.652163,40.47918,-3.652119,bueno
6331,URB,252155813,82.2,40.478814,-3.651006,40.479184,-3.651847,aceptable
6559,URB,2587373611,85.2,40.484215,-3.682754,40.484729,-3.683501,aceptable
6560,URB,31462817,12.7,40.484459,-3.684115,40.484348,-3.684143,bueno
6561,URB,31462952,4.1,40.485646,-3.684106,40.485653,-3.684153,bueno
6562,URB,2421410415,7.2,40.490116,-3.685816,40.490175,-3.685848,bueno
6563,URB,4600518415,25.2,40.491454,-3.686344,40.491228,-3.686361,bueno
6564,URB,76475097,19.9,40.498058,-3.686717,40.497889,-3.686797,bueno
6566,URB,76475096,10.7,40.498867,-3.686335,40.498859,-3.686461,bueno
6567,URB,76475107,14.7,40.494331,-3.68754,40.494462,-3.687549,bueno
6568,URB,76475116,6.2,40.49227,-3.686705,40.492228,-3.686656,bueno
6569,URB,3894944071,61.1,40.486331,-3.684442,40.486863,-3.684617,aceptable
6570,URB,79298871,59.7,40.491171,-3.688854,40.490675,-3.689123,aceptable
6571,URB,77932117,53.4,40.491118,-3.691041,40.491391,-3.69156,aceptable
6572,URB,2421410431,16.5,40.491066,-3.687735,40.491117,-3.687552,bueno
6573,URB,76747227,3.7,40.498676,-3.687467,40.498709,-3.687462,bueno
6574,URB,153842126,24.0,40.490657,-3.693119,40.490446,-3.693179,bueno
6578,URB,77836466,0.8,40.492494,-3.686914,40.492498,-3.686906,bueno
6579,URB,77917056,0.9,40.491453,-3.690085,40.491446,-3.690089,bueno
6580,URB,77917059,0.7,40.491192,-3.689733,40.491186,-3.68973,bueno
6602,URB,283587352,9.3,40.499807,-3.657648,40.499856,-3.657737,bueno
6603,URB,283577949,34.3,40.495495,-3.651201,40.495703,-3.651501,bueno
6605,URB,255964537,19.7,40.499629,-3.659789,40.499805,-3.659813,bueno
6607,URB,277968725,9.4,40.48742,-3.652824,40.487397,-3.652717,bueno
6608,URB,283605404,26.1,40.488485,-3.651199,40.488656,-3.650987,bueno
6609,URB,283592835,10.8,40.490829,-3.659477,40.490885,-3.659581,bueno
6610,URB,7053000507,30.8,40.493381,-3.663918,40.493552,-3.664205,bueno
6611,URB,7053000507,24.9,40.493774,-3.66424,40.493552,-3.664205,bueno
6612,URB,299507647,37.0,40.494829,-3.66588,40.494647,-3.665515,bueno
6613,URB,262570432,78.6,40.495284,-3.664716,40.494677,-3.665194,aceptable
6614,URB,255964218,21.8,40.495614,-3.665863,40.495424,-3.665929,bueno
6615,URB,254531918,77.5,40.496814,-3.666086,40.496312,-3.666721,aceptable
6616,URB,3556619145,26.1,40.495735,-3.667491,40.495872,-3.66724,bueno
6617,URB,255266050,6.2,40.495045,-3.668405,40.495082,-3.66835,bueno
6618,URB,615649179,52.7,40.495569,-3.668988,40.495397,-3.668408,aceptable
6619,URB,255964218,19.6,40.495599,-3.665962,40.495424,-3.665929,bueno
6620,URB,1340025711,26.9,40.48526,-3.660877,40.485045,-3.661024,bueno
6621,URB,299373766,34.3,40.486252,-3.659931,40.486456,-3.659626,bueno
6622,URB,299373766,34.8,40.486284,-3.65997,40.486456,-3.659626,bueno
6623,URB,2584426062,1.2,40.487317,-3.658421,40.487319,-3.658435,bueno
6624,URB,2584426062,4.3,40.487354,-3.658457,40.487319,-3.658435,bueno
6625,URB,221296238,66.7,40.485731,-3.66113,40.486028,-3.660444,aceptable
6627,URB,298967669,25.6,40.485866,-3.651976,40.485991,-3.652231,bueno
6628,URB,283605404,26.8,40.488669,-3.650671,40.488656,-3.650987,bueno
6629,URB,283606036,25.8,40.489472,-3.650793,40.489409,-3.651087,bueno
6639,M30,1121592042,43.4,40.491676,-3.671563,40.491565,-3.672055,bueno
6640,M30,25921963,34.5,40.4812,-3.674087,40.481326,-3.673715,bueno
6641,M30,25921961,4.1,40.480878,-3.674043,40.480851,-3.674077,bueno
6642,M30,25965172,46.2,40.476038,-3.674395,40.475689,-3.674099,bueno
6643,M30,25965172,51.9,40.47598,-3.674579,40.475689,-3.674099,aceptable
6644,M30,1296837952,10.3,40.470874,-3.671757,40.470931,-3.671855,bueno
6645,M30,1296837952,10.8,40.470834,-3.671843,40.470931,-3.671855,bueno
6646,M30,360627869,39.4,40.466456,-3.66843,40.466721,-3.66812,bueno
6647,M30,360627869,55.5,40.466414,-3.668638,40.466721,-3.66812,aceptable
6648,M30,25925496,26.9,40.463361,-3.66675,40.463142,-3.666884,bueno
6649,M30,25925496,21.8,40.463324,-3.666982,40.463142,-3.666884,bueno
6650,M30,25925883,33.8,40.454523,-3.663421,40.454221,-3.663385,bueno
6651,M30,25925883,35.6,40.454416,-3.663718,40.454221,-3.663385,bueno
6652,M30,25925883,29.0,40.454467,-3.663496,40.454221,-3.663385,bueno
6653,M30,25925883,31.3,40.454464,-3.663573,40.454221,-3.663385,bueno
6700,M30,150878502,28.3,40.472733,-3.728937,40.472563,-3.729187,bueno
6702,M30,25920539,50.0,40.481271,-3.708007,40.481579,-3.708438,aceptable
6703,M30,25920340,128.3,40.483263,-3.701083,40.483752,-3.699709,aceptable
6704,M30,25587659,10.6,40.484786,-3.697153,40.484855,-3.697238,bueno
6705,M30,1137265017,19.4,40.484352,-3.697941,40.484491,-3.697804,bueno
6706,M30,135822766,78.4,40.485366,-3.694858,40.48586,-3.694197,aceptable
6709,M30,11397060819,68.7,40.483532,-3.68857,40.484125,-3.6888,aceptable
6712,M30,12364718088,100.8,40.492238,-3.670675,40.493055,-3.67016,aceptable
6713,M30,25921963,64.7,40.481905,-3.673634,40.481326,-3.673715,aceptable
6714,M30,25965172,5.8,40.475706,-3.674034,40.475689,-3.674099,bueno
6715,M30,1296837952,23.1,40.47098,-3.671589,40.470931,-3.671855,bueno
6716,M30,31026402,43.0,40.471093,-3.671359,40.470827,-3.67099,bueno
6717,M30,360627869,24.6,40.466521,-3.668244,40.466721,-3.66812,bueno
6718,M30,360627869,22.2,40.466562,-3.667961,40.466721,-3.66812,bueno
6719,M30,360627869,21.9,40.466529,-3.668062,40.466721,-3.66812,bueno
6720,M30,1775159852,63.1,40.461982,-3.66577,40.461779,-3.666466,aceptable
6721,M30,3317821930,45.9,40.462101,-3.66557,40.462391,-3.665184,bueno
6722,M30,25925612,29.4,40.457211,-3.663646,40.456946,-3.663651,bueno
6723,M30,25925612,41.9,40.457291,-3.663451,40.456946,-3.663651,bueno
6724,M30,25925612,29.5,40.457195,-3.663771,40.456946,-3.663651,bueno
6725,M30,25925881,2.6,40.45026,-3.66254,40.45027,-3.662512,bueno
6726,M30,25925881,18.3,40.450331,-3.66231,40.45027,-3.662512,bueno
6771,M30,161891037,22.7,40.480904,-3.710254,40.480852,-3.709994,bueno
6772,M30,1137265017,30.5,40.484713,-3.697591,40.484491,-3.697804,bueno
6773,M30,21682607,6.8,40.485124,-3.692179,40.485185,-3.692189,bueno
6774,M30,10904763597,14.3,40.485063,-3.691941,40.484986,-3.692077,bueno
6775,M30,11397060819,59.3,40.483643,-3.6885,40.484125,-3.6888,aceptable
6783,M30,130027164,26.5,40.497498,-3.7004,40.49726,-3.70042,bueno
6784,M30,130027164,25.5,40.497473,-3.70031,40.49726,-3.70042,bueno
6786,M30,297767512,54.3,40.481267,-3.68504,40.481492,-3.68561,aceptable
6787,M30,21473816,56.0,40.482949,-3.659952,40.482834,-3.659308,aceptable
6788,M30,21473816,56.6,40.482866,-3.659976,40.482834,-3.659308,aceptable
6801,M30,135822766,38.1,40.485857,-3.694647,40.48586,-3.694197,bueno
6802,M30,1137265048,30.2,40.487206,-3.696803,40.486946,-3.696701,bueno
6803,M30,1137265048,46.4,40.486662,-3.696301,40.486946,-3.696701,bueno
6804,M30,25587629,41.6,40.493907,-3.69996,40.494164,-3.700318,bueno
6805,M30,130027164,33.6,40.497557,-3.700488,40.49726,-3.70042,bueno
6806,M30,130027164,39.4,40.497588,-3.700597,40.49726,-3.70042,bueno
6807,M30,25908685,44.8,40.48085,-3.685459,40.480452,-3.685542,bueno
6808,M30,25908685,43.8,40.480845,-3.685583,40.480452,-3.685542,bueno
6809,M30,21473816,61.1,40.48308,-3.659954,40.482834,-3.659308,aceptable
6810,M30,21473816,63.5,40.483158,-3.659926,40.482834,-3.659308,aceptable
6818,M30,10908110531,10.4,40.483822,-3.677555,40.483837,-3.677434,bueno
6826,URB,255264674,25.5,40.493393,-3.662472,40.493615,-3.662397,bueno
6912,URB,1912989292,98.3,40.47149,-3.721545,40.471188,-3.722637,aceptable
6914,M30,339984071,2.0,40.479113,-3.715836,40.479114,-3.715813,bueno
6932,M30,21473805,3.4,40.484055,-3.672554,40.484024,-3.672555,bueno
6933,M30,21473805,11.6,40.484118,-3.672497,40.484024,-3.672555,bueno
6934,M30,25922371,43.6,40.484845,-3.672689,40.484454,-3.672658,bueno
6935,M30,25922371,41.4,40.484824,-3.672607,40.484454,-3.672658,bueno
6959,URB,4676941673,11.9,40.487277,-3.729533,40.487346,-3.729425,bueno
6961,URB,387768487,20.8,40.48601,-3.72896,40.485899,-3.728763,bueno
6980,URB,320706109,32.8,40.458764,-3.67816,40.458766,-3.677772,bueno
6981,URB,320703120,11.3,40.458528,-3.675839,40.458464,-3.675735,bueno
7013,M30,8418541718,35.5,40.484878,-3.672393,40.484679,-3.672064,bueno
7014,M30,8418541718,27.2,40.484839,-3.672309,40.484679,-3.672064,bueno
7015,M30,8418541718,30.8,40.484911,-3.672264,40.484679,-3.672064,bueno
7017,URB,3077638509,28.6,40.467846,-3.689222,40.468097,-3.689152,bueno
7024,URB,26204788,88.2,40.474534,-3.697941,40.474876,-3.698882,aceptable
7085,URB,98963439,28.0,40.458926,-3.687733,40.458989,-3.688053,bueno
7086,URB,102385784,16.6,40.458635,-3.68335,40.458599,-3.683541,bueno
7088,URB,320596960,56.2,40.460132,-3.667264,40.459736,-3.667676,aceptable
7089,URB,320596960,43.0,40.460055,-3.667389,40.459736,-3.667676,bueno
7092,URB,320596960,58.3,40.460105,-3.667187,40.459736,-3.667676,aceptable
7093,URB,320596960,48.0,40.459985,-3.667214,40.459736,-3.667676,bueno
7094,URB,81466856,86.5,40.459252,-3.693311,40.459253,-3.694334,aceptable
7097,URB,5633367841,31.2,40.46465,-3.706483,40.464886,-3.706682,bueno
7111,URB,81466857,86.4,40.459291,-3.693308,40.459369,-3.694324,aceptable
7112,URB,353299296,5.5,40.460021,-3.696674,40.459993,-3.696619,bueno
7114,URB,93862636,26.0,40.456688,-3.704329,40.456787,-3.704052,bueno
7115,URB,26412911,36.6,40.453183,-3.703093,40.452854,-3.703087,bueno
7128,M30,21473805,4.1,40.483987,-3.672552,40.484024,-3.672555,bueno
7129,M30,21473805,18.1,40.484181,-3.6725,40.484024,-3.672555,bueno
7130,M30,13330223616,24.2,40.483543,-3.67509,40.483672,-3.675321,bueno
7141,URB,26205117,26.1,40.47933,-3.696688,40.479564,-3.696664,bueno
7142,URB,26205117,25.4,40.479604,-3.696368,40.479564,-3.696664,bueno
9841,URB,290093104,65.4,40.472484,-3.727412,40.472766,-3.72809,aceptable
9842,URB,150878485,69.2,40.471684,-3.727783,40.472186,-3.728266,aceptable
9844,URB,1137332566,69.8,40.469778,-3.657589,40.470352,-3.657922,aceptable
9845,URB,254358926,15.3,40.471343,-3.659645,40.471397,-3.659812,bueno
9846,URB,254996321,48.0,40.472332,-3.65693,40.471918,-3.657091,bueno
9875,URB,313186178,10.3,40.497994,-3.655174,40.497941,-3.655074,bueno
9882,URB,26233682,40.8,40.472849,-3.704409,40.472881,-3.703929,bueno
9883,URB,11664930751,37.5,40.477111,-3.715446,40.477407,-3.715656,bueno
9884,URB,26231279,85.7,40.476585,-3.717212,40.47678,-3.716232,aceptable
9886,URB,11664930748,27.6,40.477975,-3.716373,40.478223,-3.716367,bueno
9887,URB,26231297,32.9,40.476095,-3.715963,40.475803,-3.715897,bueno
9896,URB,102332159,91.0,40.481878,-3.675815,40.482675,-3.675569,aceptable
9897,URB,102332163,11.8,40.480664,-3.674721,40.48063,-3.674589,bueno
9898,URB,344864101,23.8,40.470743,-3.718661,40.470908,-3.718482,bueno
9899,URB,353230277,64.0,40.470301,-3.716163,40.469802,-3.715788,aceptable
9900,URB,353230277,58.6,40.470204,-3.716235,40.469802,-3.715788,aceptable
9903,URB,2008332020,92.8,40.473978,-3.71533,40.473174,-3.715035,aceptable
9904,URB,2008329574,20.9,40.472458,-3.714868,40.472585,-3.714686,bueno
9905,URB,150866083,24.3,40.473133,-3.716394,40.47315,-3.716681,bueno
9906,URB,50040824,12.6,40.473284,-3.713953,40.473283,-3.713804,bueno
9908,URB,51414391,75.6,40.455439,-3.729281,40.456109,-3.729435,aceptable
9910,URB,150865964,13.7,40.472624,-3.722513,40.472726,-3.722422,bueno
9911,URB,150866232,7.5,40.471096,-3.723014,40.471035,-3.723053,bueno
9912,URB,344863154,88.3,40.471518,-3.721326,40.471192,-3.720375,aceptable
9913,URB,344863140,93.6,40.472174,-3.724203,40.471912,-3.723151,aceptable
9915,URB,26261947,157.7,40.474792,-3.696121,40.473545,-3.695231,aceptable
9916,URB,26261947,152.4,40.474732,-3.696133,40.473545,-3.695231,aceptable
9918,URB,26204788,20.6,40.474734,-3.698726,40.474876,-3.698882,bueno
9919,URB,26204788,28.9,40.474773,-3.698569,40.474876,-3.698882,bueno
9925,URB,102329292,4.7,40.480024,-3.675697,40.480049,-3.675742,bueno
9926,URB,293396588,34.4,40.45022,-3.729264,40.449915,-3.729196,bueno
9929,URB,2480996607,48.3,40.46024,-3.728185,40.460383,-3.728725,bueno
9930,URB,32100092,54.9,40.458687,-3.729443,40.45917,-3.729579,aceptable
9931,URB,2480996607,42.3,40.460301,-3.728237,40.460383,-3.728725,bueno
9932,URB,32100092,56.8,40.458659,-3.729592,40.45917,-3.729579,aceptable
9960,URB,150760768,23.7,40.454222,-3.715273,40.454034,-3.71514,bueno
9973,URB,2008329575,79.6,40.471395,-3.715607,40.47125,-3.714685,aceptable
9974,URB,2008329574,28.8,40.472434,-3.714962,40.472585,-3.714686,bueno
9975,URB,2008329631,3.5,40.470489,-3.714517,40.470496,-3.714558,bueno
9976,URB,26235008,66.2,40.471338,-3.713625,40.471502,-3.712874,aceptable
9991,URB,81468686,78.6,40.462808,-3.691641,40.462103,-3.691709,aceptable
10012,URB,4777894121,13.4,40.467961,-3.724342,40.467866,-3.72444,bueno
10027,URB,2590772500,25.7,40.489697,-3.69944,40.489555,-3.699201,bueno
10028,URB,3430519979,7.9,40.499132,-3.708664,40.499202,-3.708647,bueno
10029,URB,254463575,81.2,40.498237,-3.709334,40.498573,-3.708481,aceptable
10030,URB,254463575,21.8,40.498758,-3.708568,40.498573,-3.708481,bueno
10031,URB,26209302,50.6,40.484712,-3.700187,40.485114,-3.700468,aceptable
10032,URB,26207032,135.8,40.479214,-3.693052,40.478804,-3.691539,aceptable
10033,URB,2531564996,19.1,40.481738,-3.693932,40.481571,-3.693986,bueno
10048,URB,706689952,7.3,40.450838,-3.681976,40.450772,-3.681967,bueno
10049,URB,706689952,5.7,40.450797,-3.681908,40.450772,-3.681967,bueno
10051,URB,13430533084,57.7,40.495838,-3.718206,40.495801,-3.718887,aceptable
10052,URB,1127671334,18.1,40.494673,-3.720387,40.49477,-3.72056,bueno
10053,URB,254461785,86.3,40.494998,-3.718497,40.494418,-3.717818,aceptable
10054,URB,255956990,108.1,40.49709,-3.719775,40.496133,-3.719553,aceptable
10055,URB,259007809,102.4,40.496863,-3.718747,40.496125,-3.719471,aceptable
10067,URB,1127671171,20.0,40.492745,-3.722638,40.492871,-3.72247,bueno
10068,URB,258594356,15.6,40.491239,-3.722689,40.491144,-3.722552,bueno
10069,URB,1127671114,20.7,40.490958,-3.724341,40.491139,-3.724403,bueno
10076,URB,102186298,27.1,40.451904,-3.672648,40.451806,-3.672941,bueno
10078,URB,102188256,114.2,40.452774,-3.674531,40.451757,-3.674719,aceptable
10079,URB,3632136760,77.0,40.450711,-3.674398,40.451391,-3.674574,aceptable
10094,URB,259615488,24.8,40.496543,-3.666969,40.496363,-3.666795,bueno
10097,URB,4640732583,4.7,40.463478,-3.707037,40.463476,-3.707093,bueno
10109,URB,290829705,32.0,40.484153,-3.663601,40.484172,-3.663224,bueno
10110,URB,1671943139,4.8,40.460315,-3.661352,40.460299,-3.6613,bueno
10111,URB,219514161,99.7,40.460447,-3.659375,40.461292,-3.658982,aceptable
10112,URB,1671943134,13.7,40.459658,-3.660825,40.459735,-3.660951,bueno
10113,URB,100963140,2.5,40.454849,-3.655564,40.454837,-3.655538,bueno
10114,URB,100963139,107.1,40.454798,-3.653966,40.454241,-3.654999,aceptable
10115,URB,100955663,15.9,40.45333,-3.654352,40.453453,-3.65445,bueno
10116,URB,100963138,10.4,40.453576,-3.654425,40.453505,-3.654346,bueno
10117,URB,3627672990,25.5,40.4508,-3.652378,40.451002,-3.652522,bueno
10118,URB,100963135,101.0,40.451484,-3.651321,40.451058,-3.652375,aceptable
10120,URB,100963134,20.3,40.450245,-3.651797,40.450096,-3.651657,bueno
10129,URB,100955665,15.3,40.451612,-3.652979,40.451735,-3.653062,bueno
10134,URB,2504331657,8.9,40.485088,-3.708668,40.485037,-3.708587,bueno
10153,URB,60107046,24.6,40.468782,-3.70777,40.468875,-3.707506,bueno
10154,URB,5633367011,57.2,40.468275,-3.708761,40.468122,-3.708115,aceptable
10155,URB,2904739381,33.0,40.466139,-3.708375,40.465876,-3.708193,bueno
10165,URB,5633301672,12.0,40.469608,-3.707247,40.469692,-3.707157,bueno
10166,URB,3414852037,11.0,40.470202,-3.703699,40.470125,-3.703618,bueno
10167,URB,31026406,44.1,40.471323,-3.668443,40.471267,-3.66896,bueno
10168,URB,25925644,61.7,40.461122,-3.662744,40.460669,-3.662322,aceptable
10171,M30,25925891,109.9,40.451549,-3.662715,40.450598,-3.662363,aceptable
10182,URB,26202187,51.1,40.478498,-3.708942,40.478506,-3.708338,aceptable
10184,URB,26202188,23.2,40.478588,-3.707908,40.478539,-3.708175,bueno
10186,URB,26202186,39.4,40.478415,-3.709093,40.478249,-3.709504,bueno
10187,URB,11458505067,26.9,40.479117,-3.705989,40.479045,-3.706292,bueno
10188,URB,254531925,32.0,40.498856,-3.669229,40.498601,-3.669054,bueno
10189,URB,4711987909,59.5,40.498426,-3.668002,40.498199,-3.668639,aceptable
10190,URB,4711987910,111.4,40.497296,-3.667807,40.498037,-3.668694,aceptable
10191,URB,4711987911,64.0,40.49761,-3.669393,40.498056,-3.668914,aceptable
10195,URB,150760685,20.2,40.450945,-3.711199,40.450913,-3.711434,bueno
10197,URB,77808964,49.5,40.49792,-3.688807,40.497624,-3.688371,bueno
10212,URB,1140217847,18.0,40.450072,-3.710346,40.449937,-3.710231,bueno
10218,URB,2436859030,5.9,40.455667,-3.705793,40.455621,-3.705828,bueno
10219,URB,98722371,2.0,40.454787,-3.706729,40.454804,-3.706737,bueno
10220,URB,1016578391,12.8,40.454706,-3.705579,40.454713,-3.70573,bueno
10221,URB,3674051429,43.6,40.455563,-3.706713,40.455754,-3.706263,bueno
10269,M30,25587659,19.3,40.484683,-3.697268,40.484855,-3.697238,bueno
10276,URB,25693447,3.6,40.478898,-3.725881,40.478915,-3.725844,bueno
10277,URB,41867713,11.0,40.478312,-3.72748,40.478365,-3.72759,bueno
10278,URB,262354965,11.6,40.479328,-3.725055,40.479231,-3.725103,bueno
10279,URB,262354699,15.3,40.479719,-3.724132,40.479721,-3.723952,bueno
10280,URB,31488957,8.1,40.48208,-3.717279,40.482031,-3.717208,bueno
10281,URB,25693479,53.4,40.483363,-3.71297,40.48329,-3.713594,aceptable
10291,URB,77932117,43.1,40.491165,-3.691147,40.491391,-3.69156,bueno
10292,URB,79298873,16.2,40.490629,-3.692056,40.490633,-3.692248,bueno
10293,URB,79298873,17.2,40.490478,-3.692244,40.490633,-3.692248,bueno
10294,URB,4498204035,24.0,40.490562,-3.693443,40.490411,-3.693645,bueno
10295,URB,2485082425,3.7,40.485729,-3.709291,40.48571,-3.709256,bueno
10296,URB,240000436,24.0,40.48518,-3.710114,40.485189,-3.70983,bueno
10297,M30,1775159838,39.5,40.460192,-3.665377,40.459957,-3.665027,bueno
10298,URB,100954677,23.3,40.462782,-3.664836,40.462595,-3.664711,bueno
10309,URB,1127671267,18.3,40.492488,-3.724542,40.492571,-3.724729,bueno
10310,URB,1127671337,37.5,40.492347,-3.725465,40.49258,-3.725145,bueno
10311,URB,1127671072,14.6,40.49209,-3.725649,40.492003,-3.725779,bueno
10312,URB,1127671114,48.0,40.491409,-3.724846,40.491139,-3.724403,bueno
10313,URB,1127671072,29.3,40.491832,-3.726042,40.492003,-3.725779,bueno
10314,URB,1127671152,58.5,40.491234,-3.726719,40.490958,-3.727308,aceptable
10315,URB,1127671152,48.4,40.490753,-3.727813,40.490958,-3.727308,bueno
10316,URB,1127671023,90.3,40.491655,-3.728296,40.49219,-3.729098,aceptable
10317,URB,1127671280,41.6,40.493533,-3.727278,40.49376,-3.726887,bueno
10318,URB,1127671247,22.9,40.493702,-3.726418,40.493863,-3.726588,bueno
10319,URB,1127671186,67.0,40.493355,-3.725759,40.492939,-3.725186,aceptable
10320,URB,12466682998,33.1,40.494395,-3.72622,40.494193,-3.726507,bueno
10321,URB,12466682998,29.6,40.494237,-3.726162,40.494193,-3.726507,bueno
10322,URB,1127671351,41.6,40.494573,-3.725065,40.494815,-3.725441,bueno
10323,URB,1127671069,23.9,40.494811,-3.72585,40.494954,-3.72564,bueno
10324,URB,1127671069,89.1,40.495583,-3.724987,40.494954,-3.72564,aceptable
10325,URB,1127671281,101.4,40.495996,-3.724372,40.496672,-3.723568,aceptable
10326,URB,1127671239,56.8,40.495956,-3.722455,40.495627,-3.721941,aceptable
10327,URB,1127671281,93.4,40.497293,-3.722825,40.496672,-3.723568,aceptable
10328,URB,1127671334,36.1,40.494953,-3.720913,40.49477,-3.72056,bueno
10329,URB,1127671228,89.3,40.49441,-3.72318,40.493778,-3.723831,aceptable
10330,URB,1127671228,25.0,40.493625,-3.724047,40.493778,-3.723831,bueno
10331,URB,1127671290,25.3,40.493127,-3.724498,40.492971,-3.724715,bueno
10347,URB,285886244,32.6,40.463458,-3.654406,40.463432,-3.65479,bueno
10404,URB,1127670951,28.2,40.489535,-3.72942,40.489354,-3.729654,bueno
10405,URB,1127670951,28.3,40.489528,-3.729899,40.489354,-3.729654,bueno
10406,URB,1127671134,56.0,40.488766,-3.728802,40.488438,-3.728299,aceptable
10410,URB,98999477,28.9,40.453757,-3.684172,40.453975,-3.683986,bueno
10435,URB,253116133,94.1,40.455197,-3.657758,40.454702,-3.65866,aceptable
10436,URB,253116027,20.4,40.454005,-3.659995,40.454104,-3.659792,bueno
10437,URB,253115966,38.4,40.452512,-3.660508,40.452177,-3.660614,bueno
10438,URB,320597451,54.4,40.451562,-3.660125,40.451856,-3.660639,aceptable
10439,URB,254356624,58.3,40.451404,-3.658217,40.451707,-3.657655,aceptable
10440,URB,13725872694,13.7,40.450373,-3.658467,40.4503,-3.658335,bueno
10444,URB,81468695,37.9,40.456581,-3.692233,40.456241,-3.692267,bueno
10456,URB,283598324,21.8,40.493291,-3.650999,40.493118,-3.65112,bueno
10458,URB,272110776,11.8,40.490743,-3.653759,40.490801,-3.653642,bueno
10459,URB,262567314,32.6,40.490008,-3.658179,40.489815,-3.65789,bueno
10460,URB,300022779,8.1,40.49197,-3.661664,40.491922,-3.661592,bueno
10461,URB,221336351,103.6,40.490609,-3.661844,40.491262,-3.660971,aceptable
10462,URB,221336348,77.7,40.492218,-3.659842,40.491689,-3.660445,aceptable
10463,URB,264595984,42.5,40.48419,-3.698619,40.484005,-3.699058,bueno
10470,URB,98983153,13.3,40.455956,-3.686911,40.455871,-3.687022,bueno
10640,URB,258369500,27.3,40.485679,-3.717686,40.485694,-3.718007,bueno
10641,URB,258369399,23.1,40.486804,-3.71772,40.486804,-3.717992,bueno
10642,URB,254462151,57.1,40.486649,-3.715872,40.486748,-3.716534,aceptable
10643,URB,2703923268,75.0,40.487524,-3.716551,40.486851,-3.716613,aceptable
10644,URB,258368185,51.2,40.488288,-3.717391,40.488356,-3.71799,aceptable
10663,URB,1696037374,13.5,40.489627,-3.716267,40.489749,-3.716254,bueno
10664,URB,3985023381,67.0,40.49096,-3.71492,40.490823,-3.715692,aceptable
10665,URB,258367947,27.0,40.490556,-3.717653,40.490561,-3.717972,bueno
10666,URB,13430365033,81.4,40.49492,-3.718522,40.494374,-3.71788,aceptable
10667,URB,254495622,23.3,40.494607,-3.717117,40.494683,-3.71686,bueno
10668,URB,254495746,120.4,40.493458,-3.716938,40.49435,-3.717744,aceptable
5497,URB,98999835,31.3,40.45114,-3.684622,40.451247,-3.684964,bueno
5559,URB,98964423,42.9,40.458504,-3.679972,40.45853,-3.680479,bueno
5560,URB,2494930275,52.2,40.458616,-3.674956,40.458577,-3.674341,aceptable
5584,URB,320703120,21.0,40.458456,-3.675984,40.458464,-3.675735,bueno
5652,URB,81466854,49.2,40.455928,-3.694683,40.456367,-3.694615,bueno
6048,URB,100963144,20.1,40.456026,-3.656131,40.455893,-3.656292,bueno
6630,URB,299507013,25.6,40.49024,-3.651112,40.490139,-3.651384,bueno
10737,URB,253115710,6.4,40.462006,-3.65864,40.461977,-3.658705,bueno
10738,URB,219514161,103.5,40.460403,-3.659341,40.461292,-3.658982,aceptable
10739,URB,3216358575,9.3,40.475419,-3.667396,40.475363,-3.667314,bueno
10740,URB,3216358575,10.1,40.475295,-3.667393,40.475363,-3.667314,bueno
10741,URB,25933302,15.8,40.467771,-3.65345,40.467858,-3.653302,bueno
10742,URB,221342520,30.5,40.474382,-3.664039,40.474112,-3.663976,bueno
10743,URB,221342520,3.6,40.474079,-3.663982,40.474112,-3.663976,bueno
10744,URB,254996924,6.8,40.470745,-3.65085,40.470759,-3.650771,bueno
10745,URB,355164178,54.6,40.4689,-3.65233,40.469285,-3.65193,aceptable
10746,URB,1492770599,6.4,40.473345,-3.663365,40.4734,-3.663389,bueno
10747,URB,1492770597,12.8,40.47311,-3.662889,40.473196,-3.66299,bueno
10753,URB,254358926,15.2,40.471313,-3.659671,40.471397,-3.659812,bueno
10759,URB,254996525,81.3,40.471332,-3.656333,40.471554,-3.655416,aceptable
10769,URB,313186178,11.6,40.498037,-3.655128,40.497941,-3.655074,bueno
10770,URB,299507647,37.1,40.494877,-3.665832,40.494647,-3.665515,bueno
10771,URB,7053000507,29.1,40.493814,-3.664193,40.493552,-3.664205,bueno
10772,URB,283576938,24.2,40.486802,-3.650347,40.48677,-3.650064,bueno
10773,URB,277968725,11.0,40.487476,-3.652793,40.487397,-3.652717,bueno
10809,URB,414253838,49.9,40.467826,-3.690572,40.468203,-3.690253,bueno
10813,URB,3331083597,24.0,40.472008,-3.700839,40.47191,-3.701092,bueno
10824,URB,254354356,26.2,40.450697,-3.65891,40.450514,-3.658714,bueno
10843,URB,355164160,18.7,40.467402,-3.65003,40.46757,-3.650055,bueno
10846,URB,355164241,28.0,40.466917,-3.653369,40.46667,-3.653302,bueno
10862,URB,3556619147,23.6,40.494652,-3.666773,40.494774,-3.666545,bueno
10879,URB,25920642,26.4,40.481123,-3.715968,40.481139,-3.715657,bueno
10880,URB,25920643,35.0,40.479982,-3.715692,40.479696,-3.715518,bueno
10881,URB,25920835,35.9,40.480151,-3.717061,40.480013,-3.717444,bueno
10882,URB,25920642,19.9,40.481019,-3.715831,40.481139,-3.715657,bueno
10886,URB,1846286778,16.0,40.481157,-3.717525,40.481233,-3.717364,bueno
10887,URB,31488955,14.5,40.481216,-3.716661,40.481123,-3.71654,bueno
11027,URB,31488955,35.3,40.480856,-3.716314,40.481123,-3.71654,bueno
11032,URB,51418379,21.1,40.465807,-3.719201,40.46598,-3.719302,bueno
11033,URB,150866098,4.4,40.473821,-3.720752,40.473818,-3.7207,bueno
11034,URB,102320031,16.2,40.473572,-3.67882,40.473518,-3.678642,bueno
11035,URB,2315931960,10.5,40.469354,-3.676444,40.469304,-3.67655,bueno
11036,URB,102294578,10.1,40.472209,-3.675902,40.472275,-3.67582,bueno
11055,URB,254995414,48.2,40.476085,-3.654732,40.475926,-3.654201,bueno
11056,URB,253075456,109.0,40.477654,-3.653592,40.476807,-3.654239,aceptable
11057,URB,254967982,22.8,40.476627,-3.653543,40.476675,-3.653805,bueno
11058,URB,3462583122,128.4,40.47804,-3.653103,40.477081,-3.652257,aceptable
11060,URB,2422171924,19.4,40.456032,-3.653419,40.456182,-3.653536,bueno
11061,URB,282266619,30.5,40.454071,-3.651609,40.453896,-3.651331,bueno
11062,URB,224164928,90.0,40.454205,-3.653015,40.454683,-3.652156,aceptable
11063,URB,224163786,68.9,40.455109,-3.651409,40.454492,-3.65133,aceptable
11064,URB,282266420,23.7,40.453526,-3.65118,40.453719,-3.651299,bueno
11065,URB,224130128,22.6,40.452618,-3.650502,40.452805,-3.650607,bueno
11066,URB,219499389,15.5,40.45215,-3.65011,40.452028,-3.650019,bueno
11079,URB,10822977296,19.8,40.452566,-3.698902,40.452576,-3.699135,bueno
6050,URB,100955667,25.6,40.45025,-3.65191,40.450042,-3.651779,bueno
11031,URB,240000436,15.9,40.485267,-3.709672,40.485189,-3.70983,bueno
11082,URB,2282176934,24.6,40.4534,-3.699217,40.453181,-3.699261,bueno
11083,URB,2533387849,12.3,40.452835,-3.698729,40.452725,-3.698732,bueno
11085,URB,81473206,12.2,40.452502,-3.697934,40.452506,-3.698078,bueno
11094,URB,98766712,2.8,40.453061,-3.694904,40.453062,-3.694937,bueno
11095,URB,2614536108,50.9,40.483829,-3.706636,40.484067,-3.707149,aceptable
11096,URB,25920269,43.9,40.484669,-3.707947,40.48448,-3.707492,bueno
11097,URB,258369505,89.8,40.485512,-3.723767,40.485526,-3.722706,aceptable
11098,URB,258369504,74.7,40.485574,-3.721801,40.485586,-3.720918,aceptable
11099,URB,258585930,19.6,40.486116,-3.722706,40.486292,-3.722691,bueno
11100,URB,258584632,9.6,40.484809,-3.722719,40.484893,-3.722691,bueno
11101,URB,258584711,11.9,40.484785,-3.722662,40.48468,-3.722691,bueno
11102,URB,258584711,56.9,40.484477,-3.723308,40.48468,-3.722691,aceptable
11103,URB,258613455,8.4,40.483719,-3.721853,40.483679,-3.721768,bueno
11104,URB,258585377,50.6,40.483272,-3.722499,40.482817,-3.722485,aceptable
11125,URB,221336348,78.5,40.492196,-3.659798,40.491689,-3.660445,aceptable
11126,URB,283592835,11.1,40.49079,-3.659537,40.490885,-3.659581,bueno
11127,URB,262567314,33.0,40.489961,-3.65823,40.489815,-3.65789,bueno
11136,URB,269971034,20.7,40.480138,-3.671235,40.480309,-3.671334,bueno
11137,URB,219511385,9.0,40.457126,-3.650533,40.457191,-3.65047,bueno
11138,URB,282267191,17.0,40.457131,-3.65162,40.457126,-3.651419,bueno
11151,URB,277967715,51.9,40.488022,-3.654757,40.488096,-3.655362,aceptable
11152,URB,283592835,29.3,40.490621,-3.659575,40.490885,-3.659581,bueno
11159,URB,313186178,31.1,40.4978,-3.654756,40.497941,-3.655074,bueno
11160,URB,262567344,63.8,40.493392,-3.658192,40.492978,-3.658714,aceptable
11165,URB,272110778,38.5,40.487448,-3.652206,40.487581,-3.652626,bueno
11166,URB,283576938,51.2,40.48673,-3.650667,40.48677,-3.650064,aceptable
11243,URB,344862963,54.7,40.473591,-3.728741,40.473142,-3.728477,aceptable
11261,URB,11853872007,16.5,40.484351,-3.711646,40.484236,-3.711522,bueno
11262,URB,12008953591,11.3,40.474301,-3.729134,40.474402,-3.729143,bueno
11263,URB,12008953591,47.0,40.474012,-3.728931,40.474402,-3.729143,bueno
11264,URB,344862963,20.6,40.473318,-3.728553,40.473142,-3.728477,bueno
11282,URB,102505414,45.7,40.460437,-3.669594,40.460822,-3.669785,bueno
11283,URB,102508729,60.5,40.460983,-3.673503,40.461464,-3.67317,aceptable
